[
    {
        "equipment_id":"EQ001",
        "mine_id":"MINE_4",
        "equipment_type":"Loader",
        "brand":"Hitachi",
        "model":"EX200",
        "base_capacity_ton":1132,
        "status":"Active",
        "last_maintenance":"2025-09-01",
        "operator_id":"OP001"
    },
    {
        "equipment_id":"EQ002",
        "mine_id":"MINE_5",
        "equipment_type":"Loader",
        "brand":"Caterpillar",
        "model":"992K",
        "base_capacity_ton":1127,
        "status":"Active",
        "last_maintenance":"2025-09-04",
        "operator_id":"OP002"
    },
    {
        "equipment_id":"EQ003",
        "mine_id":"MINE_3",
        "equipment_type":"Excavator",
        "brand":"Hitachi",
        "model":"ZX870",
        "base_capacity_ton":1472,
        "status":"Active",
        "last_maintenance":"2025-09-07",
        "operator_id":"OP003"
    },
    {
        "equipment_id":"EQ004",
        "mine_id":"MINE_5",
        "equipment_type":"Loader",
        "brand":"Caterpillar",
        "model":"EX200",
        "base_capacity_ton":2268,
        "status":"Maintenance",
        "last_maintenance":"2025-09-10",
        "operator_id":"OP004"
    },
    {
        "equipment_id":"EQ005",
        "mine_id":"MINE_5",
        "equipment_type":"Loader",
        "brand":"Komatsu",
        "model":"ZX870",
        "base_capacity_ton":1782,
        "status":"Active",
        "last_maintenance":"2025-09-13",
        "operator_id":"OP005"
    },
    {
        "equipment_id":"EQ006",
        "mine_id":"MINE_2",
        "equipment_type":"Dump Truck",
        "brand":"Hitachi",
        "model":"EX200",
        "base_capacity_ton":1882,
        "status":"Active",
        "last_maintenance":"2025-09-16",
        "operator_id":"OP006"
    },
    {
        "equipment_id":"EQ007",
        "mine_id":"MINE_3",
        "equipment_type":"Excavator",
        "brand":"Komatsu",
        "model":"EX200",
        "base_capacity_ton":1209,
        "status":"Active",
        "last_maintenance":"2025-09-19",
        "operator_id":"OP007"
    },
    {
        "equipment_id":"EQ008",
        "mine_id":"MINE_3",
        "equipment_type":"Dump Truck",
        "brand":"Caterpillar",
        "model":"HD785",
        "base_capacity_ton":1979,
        "status":"Active",
        "last_maintenance":"2025-09-22",
        "operator_id":"OP008"
    },
    {
        "equipment_id":"EQ009",
        "mine_id":"MINE_3",
        "equipment_type":"Dump Truck",
        "brand":"Liebherr",
        "model":"ZX870",
        "base_capacity_ton":1934,
        "status":"Active",
        "last_maintenance":"2025-09-25",
        "operator_id":"OP009"
    },
    {
        "equipment_id":"EQ010",
        "mine_id":"MINE_5",
        "equipment_type":"Dump Truck",
        "brand":"Hitachi",
        "model":"992K",
        "base_capacity_ton":1148,
        "status":"Active",
        "last_maintenance":"2025-09-28",
        "operator_id":"OP010"
    },
    {
        "equipment_id":"EQ011",
        "mine_id":"MINE_4",
        "equipment_type":"Dump Truck",
        "brand":"Caterpillar",
        "model":"992K",
        "base_capacity_ton":817,
        "status":"Active",
        "last_maintenance":"2025-10-01",
        "operator_id":"OP011"
    },
    {
        "equipment_id":"EQ012",
        "mine_id":"MINE_3",
        "equipment_type":"Dump Truck",
        "brand":"Liebherr",
        "model":"ZX870",
        "base_capacity_ton":2200,
        "status":"Active",
        "last_maintenance":"2025-10-04",
        "operator_id":"OP012"
    },
    {
        "equipment_id":"EQ013",
        "mine_id":"MINE_5",
        "equipment_type":"Dump Truck",
        "brand":"Liebherr",
        "model":"992K",
        "base_capacity_ton":1748,
        "status":"Active",
        "last_maintenance":"2025-10-07",
        "operator_id":"OP013"
    },
    {
        "equipment_id":"EQ014",
        "mine_id":"MINE_2",
        "equipment_type":"Dump Truck",
        "brand":"Komatsu",
        "model":"992K",
        "base_capacity_ton":2342,
        "status":"Active",
        "last_maintenance":"2025-10-10",
        "operator_id":"OP014"
    },
    {
        "equipment_id":"EQ015",
        "mine_id":"MINE_4",
        "equipment_type":"Excavator",
        "brand":"Caterpillar",
        "model":"ZX870",
        "base_capacity_ton":1757,
        "status":"Maintenance",
        "last_maintenance":"2025-10-13",
        "operator_id":"OP015"
    },
    {
        "equipment_id":"EQ016",
        "mine_id":"MINE_2",
        "equipment_type":"Loader",
        "brand":"Liebherr",
        "model":"EX200",
        "base_capacity_ton":1183,
        "status":"Active",
        "last_maintenance":"2025-10-16",
        "operator_id":"OP016"
    },
    {
        "equipment_id":"EQ017",
        "mine_id":"MINE_4",
        "equipment_type":"Dump Truck",
        "brand":"Hitachi",
        "model":"ZX870",
        "base_capacity_ton":1163,
        "status":"Active",
        "last_maintenance":"2025-10-19",
        "operator_id":"OP017"
    },
    {
        "equipment_id":"EQ018",
        "mine_id":"MINE_5",
        "equipment_type":"Dump Truck",
        "brand":"Hitachi",
        "model":"EX200",
        "base_capacity_ton":2498,
        "status":"Active",
        "last_maintenance":"2025-10-22",
        "operator_id":"OP018"
    },
    {
        "equipment_id":"EQ019",
        "mine_id":"MINE_1",
        "equipment_type":"Dump Truck",
        "brand":"Komatsu",
        "model":"992K",
        "base_capacity_ton":2350,
        "status":"Active",
        "last_maintenance":"2025-10-25",
        "operator_id":"OP019"
    },
    {
        "equipment_id":"EQ020",
        "mine_id":"MINE_4",
        "equipment_type":"Dump Truck",
        "brand":"Liebherr",
        "model":"992K",
        "base_capacity_ton":1897,
        "status":"Active",
        "last_maintenance":"2025-10-28",
        "operator_id":"OP020"
    },
    {
        "equipment_id":"EQ021",
        "mine_id":"MINE_2",
        "equipment_type":"Dump Truck",
        "brand":"Caterpillar",
        "model":"992K",
        "base_capacity_ton":2195,
        "status":"Active",
        "last_maintenance":"2025-10-31",
        "operator_id":"OP021"
    },
    {
        "equipment_id":"EQ022",
        "mine_id":"MINE_5",
        "equipment_type":"Dump Truck",
        "brand":"Hitachi",
        "model":"HD785",
        "base_capacity_ton":2131,
        "status":"Active",
        "last_maintenance":"2025-11-03",
        "operator_id":"OP022"
    },
    {
        "equipment_id":"EQ023",
        "mine_id":"MINE_4",
        "equipment_type":"Loader",
        "brand":"Liebherr",
        "model":"EX200",
        "base_capacity_ton":1995,
        "status":"Active",
        "last_maintenance":"2025-11-06",
        "operator_id":"OP023"
    },
    {
        "equipment_id":"EQ024",
        "mine_id":"MINE_1",
        "equipment_type":"Loader",
        "brand":"Liebherr",
        "model":"HD785",
        "base_capacity_ton":1756,
        "status":"Active",
        "last_maintenance":"2025-11-09",
        "operator_id":"OP024"
    },
    {
        "equipment_id":"EQ025",
        "mine_id":"MINE_1",
        "equipment_type":"Dump Truck",
        "brand":"Komatsu",
        "model":"HD785",
        "base_capacity_ton":2215,
        "status":"Active",
        "last_maintenance":"2025-11-12",
        "operator_id":"OP025"
    },
    {
        "equipment_id":"EQ026",
        "mine_id":"MINE_3",
        "equipment_type":"Loader",
        "brand":"Hitachi",
        "model":"ZX870",
        "base_capacity_ton":1636,
        "status":"Active",
        "last_maintenance":"2025-11-15",
        "operator_id":"OP026"
    },
    {
        "equipment_id":"EQ027",
        "mine_id":"MINE_3",
        "equipment_type":"Excavator",
        "brand":"Hitachi",
        "model":"HD785",
        "base_capacity_ton":2353,
        "status":"Active",
        "last_maintenance":"2025-11-18",
        "operator_id":"OP027"
    },
    {
        "equipment_id":"EQ028",
        "mine_id":"MINE_2",
        "equipment_type":"Dump Truck",
        "brand":"Caterpillar",
        "model":"ZX870",
        "base_capacity_ton":2020,
        "status":"Maintenance",
        "last_maintenance":"2025-11-21",
        "operator_id":"OP028"
    },
    {
        "equipment_id":"EQ029",
        "mine_id":"MINE_4",
        "equipment_type":"Excavator",
        "brand":"Hitachi",
        "model":"ZX870",
        "base_capacity_ton":941,
        "status":"Active",
        "last_maintenance":"2025-11-24",
        "operator_id":"OP029"
    },
    {
        "equipment_id":"EQ030",
        "mine_id":"MINE_4",
        "equipment_type":"Excavator",
        "brand":"Caterpillar",
        "model":"HD785",
        "base_capacity_ton":1063,
        "status":"Active",
        "last_maintenance":"2025-11-27",
        "operator_id":"OP030"
    },
    {
        "equipment_id":"EQ031",
        "mine_id":"MINE_3",
        "equipment_type":"Dump Truck",
        "brand":"Hitachi",
        "model":"EX200",
        "base_capacity_ton":1791,
        "status":"Active",
        "last_maintenance":"2025-11-30",
        "operator_id":"OP031"
    },
    {
        "equipment_id":"EQ032",
        "mine_id":"MINE_4",
        "equipment_type":"Loader",
        "brand":"Komatsu",
        "model":"EX200",
        "base_capacity_ton":2033,
        "status":"Maintenance",
        "last_maintenance":"2025-12-03",
        "operator_id":"OP032"
    },
    {
        "equipment_id":"EQ033",
        "mine_id":"MINE_4",
        "equipment_type":"Excavator",
        "brand":"Hitachi",
        "model":"EX200",
        "base_capacity_ton":2330,
        "status":"Maintenance",
        "last_maintenance":"2025-12-06",
        "operator_id":"OP033"
    },
    {
        "equipment_id":"EQ034",
        "mine_id":"MINE_1",
        "equipment_type":"Dump Truck",
        "brand":"Caterpillar",
        "model":"EX200",
        "base_capacity_ton":1909,
        "status":"Active",
        "last_maintenance":"2025-12-09",
        "operator_id":"OP034"
    },
    {
        "equipment_id":"EQ035",
        "mine_id":"MINE_3",
        "equipment_type":"Excavator",
        "brand":"Caterpillar",
        "model":"EX200",
        "base_capacity_ton":1910,
        "status":"Active",
        "last_maintenance":"2025-12-12",
        "operator_id":"OP035"
    },
    {
        "equipment_id":"EQ036",
        "mine_id":"MINE_5",
        "equipment_type":"Excavator",
        "brand":"Komatsu",
        "model":"HD785",
        "base_capacity_ton":1636,
        "status":"Maintenance",
        "last_maintenance":"2025-12-15",
        "operator_id":"OP036"
    },
    {
        "equipment_id":"EQ037",
        "mine_id":"MINE_3",
        "equipment_type":"Excavator",
        "brand":"Hitachi",
        "model":"HD785",
        "base_capacity_ton":2136,
        "status":"Active",
        "last_maintenance":"2025-12-18",
        "operator_id":"OP037"
    },
    {
        "equipment_id":"EQ038",
        "mine_id":"MINE_5",
        "equipment_type":"Excavator",
        "brand":"Hitachi",
        "model":"992K",
        "base_capacity_ton":2148,
        "status":"Active",
        "last_maintenance":"2025-12-21",
        "operator_id":"OP038"
    },
    {
        "equipment_id":"EQ039",
        "mine_id":"MINE_1",
        "equipment_type":"Loader",
        "brand":"Komatsu",
        "model":"EX200",
        "base_capacity_ton":1451,
        "status":"Active",
        "last_maintenance":"2025-12-24",
        "operator_id":"OP039"
    },
    {
        "equipment_id":"EQ040",
        "mine_id":"MINE_2",
        "equipment_type":"Excavator",
        "brand":"Hitachi",
        "model":"HD785",
        "base_capacity_ton":1604,
        "status":"Active",
        "last_maintenance":"2025-12-27",
        "operator_id":"OP040"
    },
    {
        "equipment_id":"EQ041",
        "mine_id":"MINE_4",
        "equipment_type":"Excavator",
        "brand":"Hitachi",
        "model":"992K",
        "base_capacity_ton":1198,
        "status":"Maintenance",
        "last_maintenance":"2025-12-30",
        "operator_id":"OP041"
    },
    {
        "equipment_id":"EQ042",
        "mine_id":"MINE_1",
        "equipment_type":"Excavator",
        "brand":"Caterpillar",
        "model":"EX200",
        "base_capacity_ton":612,
        "status":"Maintenance",
        "last_maintenance":"2026-01-02",
        "operator_id":"OP042"
    },
    {
        "equipment_id":"EQ043",
        "mine_id":"MINE_4",
        "equipment_type":"Loader",
        "brand":"Hitachi",
        "model":"ZX870",
        "base_capacity_ton":501,
        "status":"Active",
        "last_maintenance":"2026-01-05",
        "operator_id":"OP043"
    },
    {
        "equipment_id":"EQ044",
        "mine_id":"MINE_2",
        "equipment_type":"Excavator",
        "brand":"Hitachi",
        "model":"992K",
        "base_capacity_ton":1141,
        "status":"Active",
        "last_maintenance":"2026-01-08",
        "operator_id":"OP044"
    },
    {
        "equipment_id":"EQ045",
        "mine_id":"MINE_2",
        "equipment_type":"Excavator",
        "brand":"Komatsu",
        "model":"HD785",
        "base_capacity_ton":719,
        "status":"Active",
        "last_maintenance":"2026-01-11",
        "operator_id":"OP045"
    },
    {
        "equipment_id":"EQ046",
        "mine_id":"MINE_1",
        "equipment_type":"Loader",
        "brand":"Komatsu",
        "model":"ZX870",
        "base_capacity_ton":2089,
        "status":"Active",
        "last_maintenance":"2026-01-14",
        "operator_id":"OP046"
    },
    {
        "equipment_id":"EQ047",
        "mine_id":"MINE_2",
        "equipment_type":"Loader",
        "brand":"Liebherr",
        "model":"ZX870",
        "base_capacity_ton":1354,
        "status":"Maintenance",
        "last_maintenance":"2026-01-17",
        "operator_id":"OP047"
    },
    {
        "equipment_id":"EQ048",
        "mine_id":"MINE_5",
        "equipment_type":"Loader",
        "brand":"Caterpillar",
        "model":"ZX870",
        "base_capacity_ton":2259,
        "status":"Maintenance",
        "last_maintenance":"2026-01-20",
        "operator_id":"OP048"
    },
    {
        "equipment_id":"EQ049",
        "mine_id":"MINE_2",
        "equipment_type":"Excavator",
        "brand":"Hitachi",
        "model":"992K",
        "base_capacity_ton":1748,
        "status":"Active",
        "last_maintenance":"2026-01-23",
        "operator_id":"OP049"
    },
    {
        "equipment_id":"EQ050",
        "mine_id":"MINE_4",
        "equipment_type":"Loader",
        "brand":"Hitachi",
        "model":"HD785",
        "base_capacity_ton":884,
        "status":"Active",
        "last_maintenance":"2026-01-26",
        "operator_id":"OP050"
    }
]