[
    {
        "mine_id":"MINE_1",
        "mine_name":"Tambang Batu Bara Sungai Merah",
        "location":"Kutai Kartanegara",
        "region":"Kalimantan Timur",
        "status":"Active",
        "start_date":"2018-12-31",
        "remarks":"Area utama produksi"
    },
    {
        "mine_id":"MINE_2",
        "mine_name":"Tambang Batu Bara Tanjung Bara",
        "location":"Kutai Timur",
        "region":"Kalimantan Timur",
        "status":"Active",
        "start_date":"2019-12-31",
        "remarks":"Ekspansi"
    },
    {
        "mine_id":"MINE_3",
        "mine_name":"Tambang Batu Bara Indrapura",
        "location":"Muara Enim",
        "region":"Sumatera Selatan",
        "status":"Active",
        "start_date":"2020-12-31",
        "remarks":"Cadangan batubara tinggi"
    },
    {
        "mine_id":"MINE_4",
        "mine_name":"Tambang Batu Bara Mahakam",
        "location":"Samarinda",
        "region":"Kalimantan Timur",
        "status":"Active",
        "start_date":"2021-12-31",
        "remarks":"Dekat pelabuhan"
    },
    {
        "mine_id":"MINE_5",
        "mine_name":"Tambang Batu Bara Sebuku",
        "location":"Kotabaru",
        "region":"Kalimantan Selatan",
        "status":"Active",
        "start_date":"2022-12-31",
        "remarks":"Daerah baru"
    }
]