[
    {
        "constraint_id":"C0001",
        "mine_id":"MINE_2",
        "equipment_id":"EQ012",
        "week_start":"2025-06-22",
        "constraint_type":"Hauling Capacity",
        "capacity_value":19512,
        "unit":"ton\/day",
        "update_date":"2025-10-01",
        "remarks":"Normal"
    },
    {
        "constraint_id":"C0002",
        "mine_id":"MINE_2",
        "equipment_id":"EQ018",
        "week_start":"2025-06-15",
        "constraint_type":"Hauling Capacity",
        "capacity_value":19530,
        "unit":"ton\/day",
        "update_date":"2025-10-02",
        "remarks":"Maintenance"
    },
    {
        "constraint_id":"C0003",
        "mine_id":"MINE_4",
        "equipment_id":"EQ029",
        "week_start":"2025-05-18",
        "constraint_type":"Crusher Capacity",
        "capacity_value":8993,
        "unit":"ton\/day",
        "update_date":"2025-10-03",
        "remarks":"Hujan deras"
    },
    {
        "constraint_id":"C0004",
        "mine_id":"MINE_1",
        "equipment_id":"EQ018",
        "week_start":"2025-07-27",
        "constraint_type":"Crusher Capacity",
        "capacity_value":8084,
        "unit":"ton\/day",
        "update_date":"2025-10-04",
        "remarks":"Jalan licin"
    },
    {
        "constraint_id":"C0005",
        "mine_id":"MINE_4",
        "equipment_id":"EQ046",
        "week_start":"2025-02-02",
        "constraint_type":"Excavator Capacity",
        "capacity_value":5875,
        "unit":"ton\/day",
        "update_date":"2025-10-05",
        "remarks":"Hujan deras"
    },
    {
        "constraint_id":"C0006",
        "mine_id":"MINE_2",
        "equipment_id":"EQ002",
        "week_start":"2025-01-19",
        "constraint_type":"Hauling Capacity",
        "capacity_value":17453,
        "unit":"ton\/day",
        "update_date":"2025-10-06",
        "remarks":"Normal"
    },
    {
        "constraint_id":"C0007",
        "mine_id":"MINE_2",
        "equipment_id":"EQ002",
        "week_start":"2025-08-10",
        "constraint_type":"Crusher Capacity",
        "capacity_value":10269,
        "unit":"ton\/day",
        "update_date":"2025-10-07",
        "remarks":"Normal"
    },
    {
        "constraint_id":"C0008",
        "mine_id":"MINE_5",
        "equipment_id":"EQ003",
        "week_start":"2025-04-27",
        "constraint_type":"Excavator Capacity",
        "capacity_value":12508,
        "unit":"ton\/day",
        "update_date":"2025-10-08",
        "remarks":"Jalan licin"
    },
    {
        "constraint_id":"C0009",
        "mine_id":"MINE_5",
        "equipment_id":"EQ029",
        "week_start":"2025-02-02",
        "constraint_type":"Excavator Capacity",
        "capacity_value":8996,
        "unit":"ton\/day",
        "update_date":"2025-10-09",
        "remarks":"Jalan licin"
    },
    {
        "constraint_id":"C0010",
        "mine_id":"MINE_5",
        "equipment_id":"EQ008",
        "week_start":"2025-03-16",
        "constraint_type":"Crusher Capacity",
        "capacity_value":5556,
        "unit":"ton\/day",
        "update_date":"2025-10-10",
        "remarks":"Normal"
    },
    {
        "constraint_id":"C0011",
        "mine_id":"MINE_4",
        "equipment_id":"EQ011",
        "week_start":"2025-09-21",
        "constraint_type":"Hauling Capacity",
        "capacity_value":10293,
        "unit":"ton\/day",
        "update_date":"2025-10-11",
        "remarks":"Maintenance"
    },
    {
        "constraint_id":"C0012",
        "mine_id":"MINE_1",
        "equipment_id":"EQ012",
        "week_start":"2025-01-26",
        "constraint_type":"Excavator Capacity",
        "capacity_value":15406,
        "unit":"ton\/day",
        "update_date":"2025-10-12",
        "remarks":"Maintenance"
    },
    {
        "constraint_id":"C0013",
        "mine_id":"MINE_5",
        "equipment_id":"EQ032",
        "week_start":"2025-09-28",
        "constraint_type":"Crusher Capacity",
        "capacity_value":13900,
        "unit":"ton\/day",
        "update_date":"2025-10-13",
        "remarks":"Normal"
    },
    {
        "constraint_id":"C0014",
        "mine_id":"MINE_3",
        "equipment_id":"EQ004",
        "week_start":"2025-05-11",
        "constraint_type":"Excavator Capacity",
        "capacity_value":5717,
        "unit":"ton\/day",
        "update_date":"2025-10-14",
        "remarks":"Maintenance"
    },
    {
        "constraint_id":"C0015",
        "mine_id":"MINE_5",
        "equipment_id":"EQ009",
        "week_start":"2025-09-28",
        "constraint_type":"Hauling Capacity",
        "capacity_value":8665,
        "unit":"ton\/day",
        "update_date":"2025-10-15",
        "remarks":"Jalan licin"
    },
    {
        "constraint_id":"C0016",
        "mine_id":"MINE_4",
        "equipment_id":"EQ024",
        "week_start":"2025-06-08",
        "constraint_type":"Crusher Capacity",
        "capacity_value":18891,
        "unit":"ton\/day",
        "update_date":"2025-10-16",
        "remarks":"Maintenance"
    },
    {
        "constraint_id":"C0017",
        "mine_id":"MINE_1",
        "equipment_id":"EQ049",
        "week_start":"2025-04-27",
        "constraint_type":"Hauling Capacity",
        "capacity_value":15336,
        "unit":"ton\/day",
        "update_date":"2025-10-17",
        "remarks":"Jalan licin"
    },
    {
        "constraint_id":"C0018",
        "mine_id":"MINE_5",
        "equipment_id":"EQ016",
        "week_start":"2025-03-30",
        "constraint_type":"Hauling Capacity",
        "capacity_value":11547,
        "unit":"ton\/day",
        "update_date":"2025-10-18",
        "remarks":"Hujan deras"
    },
    {
        "constraint_id":"C0019",
        "mine_id":"MINE_1",
        "equipment_id":"EQ017",
        "week_start":"2025-07-06",
        "constraint_type":"Excavator Capacity",
        "capacity_value":10196,
        "unit":"ton\/day",
        "update_date":"2025-10-19",
        "remarks":"Jalan licin"
    },
    {
        "constraint_id":"C0020",
        "mine_id":"MINE_3",
        "equipment_id":"EQ047",
        "week_start":"2025-01-05",
        "constraint_type":"Hauling Capacity",
        "capacity_value":7019,
        "unit":"ton\/day",
        "update_date":"2025-10-20",
        "remarks":"Hujan deras"
    },
    {
        "constraint_id":"C0021",
        "mine_id":"MINE_2",
        "equipment_id":"EQ022",
        "week_start":"2025-01-12",
        "constraint_type":"Excavator Capacity",
        "capacity_value":18548,
        "unit":"ton\/day",
        "update_date":"2025-10-21",
        "remarks":"Jalan licin"
    },
    {
        "constraint_id":"C0022",
        "mine_id":"MINE_1",
        "equipment_id":"EQ007",
        "week_start":"2025-05-04",
        "constraint_type":"Crusher Capacity",
        "capacity_value":16971,
        "unit":"ton\/day",
        "update_date":"2025-10-22",
        "remarks":"Jalan licin"
    },
    {
        "constraint_id":"C0023",
        "mine_id":"MINE_5",
        "equipment_id":"EQ010",
        "week_start":"2025-09-07",
        "constraint_type":"Crusher Capacity",
        "capacity_value":13482,
        "unit":"ton\/day",
        "update_date":"2025-10-23",
        "remarks":"Maintenance"
    },
    {
        "constraint_id":"C0024",
        "mine_id":"MINE_4",
        "equipment_id":"EQ029",
        "week_start":"2025-08-17",
        "constraint_type":"Excavator Capacity",
        "capacity_value":7183,
        "unit":"ton\/day",
        "update_date":"2025-10-24",
        "remarks":"Jalan licin"
    },
    {
        "constraint_id":"C0025",
        "mine_id":"MINE_4",
        "equipment_id":"EQ036",
        "week_start":"2025-09-07",
        "constraint_type":"Excavator Capacity",
        "capacity_value":8879,
        "unit":"ton\/day",
        "update_date":"2025-10-25",
        "remarks":"Normal"
    },
    {
        "constraint_id":"C0026",
        "mine_id":"MINE_4",
        "equipment_id":"EQ024",
        "week_start":"2025-01-12",
        "constraint_type":"Excavator Capacity",
        "capacity_value":7936,
        "unit":"ton\/day",
        "update_date":"2025-10-26",
        "remarks":"Hujan deras"
    },
    {
        "constraint_id":"C0027",
        "mine_id":"MINE_4",
        "equipment_id":"EQ046",
        "week_start":"2025-01-26",
        "constraint_type":"Hauling Capacity",
        "capacity_value":15606,
        "unit":"ton\/day",
        "update_date":"2025-10-27",
        "remarks":"Hujan deras"
    },
    {
        "constraint_id":"C0028",
        "mine_id":"MINE_1",
        "equipment_id":"EQ014",
        "week_start":"2025-04-20",
        "constraint_type":"Crusher Capacity",
        "capacity_value":11691,
        "unit":"ton\/day",
        "update_date":"2025-10-28",
        "remarks":"Jalan licin"
    },
    {
        "constraint_id":"C0029",
        "mine_id":"MINE_4",
        "equipment_id":"EQ014",
        "week_start":"2025-01-26",
        "constraint_type":"Crusher Capacity",
        "capacity_value":12045,
        "unit":"ton\/day",
        "update_date":"2025-10-29",
        "remarks":"Normal"
    },
    {
        "constraint_id":"C0030",
        "mine_id":"MINE_2",
        "equipment_id":"EQ025",
        "week_start":"2025-03-02",
        "constraint_type":"Hauling Capacity",
        "capacity_value":15487,
        "unit":"ton\/day",
        "update_date":"2025-10-30",
        "remarks":"Jalan licin"
    },
    {
        "constraint_id":"C0031",
        "mine_id":"MINE_3",
        "equipment_id":"EQ046",
        "week_start":"2025-05-25",
        "constraint_type":"Excavator Capacity",
        "capacity_value":7813,
        "unit":"ton\/day",
        "update_date":"2025-10-31",
        "remarks":"Jalan licin"
    },
    {
        "constraint_id":"C0032",
        "mine_id":"MINE_1",
        "equipment_id":"EQ022",
        "week_start":"2025-06-08",
        "constraint_type":"Crusher Capacity",
        "capacity_value":6237,
        "unit":"ton\/day",
        "update_date":"2025-11-01",
        "remarks":"Maintenance"
    },
    {
        "constraint_id":"C0033",
        "mine_id":"MINE_1",
        "equipment_id":"EQ050",
        "week_start":"2025-01-12",
        "constraint_type":"Hauling Capacity",
        "capacity_value":15309,
        "unit":"ton\/day",
        "update_date":"2025-11-02",
        "remarks":"Jalan licin"
    },
    {
        "constraint_id":"C0034",
        "mine_id":"MINE_4",
        "equipment_id":"EQ047",
        "week_start":"2025-01-19",
        "constraint_type":"Excavator Capacity",
        "capacity_value":9841,
        "unit":"ton\/day",
        "update_date":"2025-11-03",
        "remarks":"Jalan licin"
    },
    {
        "constraint_id":"C0035",
        "mine_id":"MINE_4",
        "equipment_id":"EQ023",
        "week_start":"2025-06-08",
        "constraint_type":"Crusher Capacity",
        "capacity_value":8043,
        "unit":"ton\/day",
        "update_date":"2025-11-04",
        "remarks":"Maintenance"
    },
    {
        "constraint_id":"C0036",
        "mine_id":"MINE_1",
        "equipment_id":"EQ032",
        "week_start":"2025-06-29",
        "constraint_type":"Excavator Capacity",
        "capacity_value":11472,
        "unit":"ton\/day",
        "update_date":"2025-11-05",
        "remarks":"Maintenance"
    },
    {
        "constraint_id":"C0037",
        "mine_id":"MINE_4",
        "equipment_id":"EQ026",
        "week_start":"2025-02-16",
        "constraint_type":"Hauling Capacity",
        "capacity_value":8087,
        "unit":"ton\/day",
        "update_date":"2025-11-06",
        "remarks":"Normal"
    },
    {
        "constraint_id":"C0038",
        "mine_id":"MINE_4",
        "equipment_id":"EQ027",
        "week_start":"2025-09-07",
        "constraint_type":"Crusher Capacity",
        "capacity_value":8558,
        "unit":"ton\/day",
        "update_date":"2025-11-07",
        "remarks":"Maintenance"
    },
    {
        "constraint_id":"C0039",
        "mine_id":"MINE_4",
        "equipment_id":"EQ045",
        "week_start":"2025-08-17",
        "constraint_type":"Excavator Capacity",
        "capacity_value":10293,
        "unit":"ton\/day",
        "update_date":"2025-11-08",
        "remarks":"Hujan deras"
    },
    {
        "constraint_id":"C0040",
        "mine_id":"MINE_4",
        "equipment_id":"EQ012",
        "week_start":"2025-09-07",
        "constraint_type":"Excavator Capacity",
        "capacity_value":13890,
        "unit":"ton\/day",
        "update_date":"2025-11-09",
        "remarks":"Hujan deras"
    },
    {
        "constraint_id":"C0041",
        "mine_id":"MINE_4",
        "equipment_id":"EQ019",
        "week_start":"2025-01-26",
        "constraint_type":"Excavator Capacity",
        "capacity_value":7853,
        "unit":"ton\/day",
        "update_date":"2025-11-10",
        "remarks":"Normal"
    },
    {
        "constraint_id":"C0042",
        "mine_id":"MINE_5",
        "equipment_id":"EQ019",
        "week_start":"2025-06-08",
        "constraint_type":"Hauling Capacity",
        "capacity_value":17000,
        "unit":"ton\/day",
        "update_date":"2025-11-11",
        "remarks":"Jalan licin"
    },
    {
        "constraint_id":"C0043",
        "mine_id":"MINE_5",
        "equipment_id":"EQ034",
        "week_start":"2025-06-22",
        "constraint_type":"Excavator Capacity",
        "capacity_value":19609,
        "unit":"ton\/day",
        "update_date":"2025-11-12",
        "remarks":"Normal"
    },
    {
        "constraint_id":"C0044",
        "mine_id":"MINE_5",
        "equipment_id":"EQ032",
        "week_start":"2025-06-29",
        "constraint_type":"Crusher Capacity",
        "capacity_value":17811,
        "unit":"ton\/day",
        "update_date":"2025-11-13",
        "remarks":"Maintenance"
    },
    {
        "constraint_id":"C0045",
        "mine_id":"MINE_1",
        "equipment_id":"EQ029",
        "week_start":"2025-07-13",
        "constraint_type":"Crusher Capacity",
        "capacity_value":6845,
        "unit":"ton\/day",
        "update_date":"2025-11-14",
        "remarks":"Jalan licin"
    },
    {
        "constraint_id":"C0046",
        "mine_id":"MINE_3",
        "equipment_id":"EQ021",
        "week_start":"2025-07-13",
        "constraint_type":"Excavator Capacity",
        "capacity_value":11362,
        "unit":"ton\/day",
        "update_date":"2025-11-15",
        "remarks":"Normal"
    },
    {
        "constraint_id":"C0047",
        "mine_id":"MINE_1",
        "equipment_id":"EQ035",
        "week_start":"2025-05-25",
        "constraint_type":"Hauling Capacity",
        "capacity_value":18311,
        "unit":"ton\/day",
        "update_date":"2025-11-16",
        "remarks":"Normal"
    },
    {
        "constraint_id":"C0048",
        "mine_id":"MINE_5",
        "equipment_id":"EQ042",
        "week_start":"2025-03-09",
        "constraint_type":"Crusher Capacity",
        "capacity_value":17206,
        "unit":"ton\/day",
        "update_date":"2025-11-17",
        "remarks":"Hujan deras"
    },
    {
        "constraint_id":"C0049",
        "mine_id":"MINE_1",
        "equipment_id":"EQ005",
        "week_start":"2025-07-06",
        "constraint_type":"Crusher Capacity",
        "capacity_value":11656,
        "unit":"ton\/day",
        "update_date":"2025-11-18",
        "remarks":"Normal"
    },
    {
        "constraint_id":"C0050",
        "mine_id":"MINE_3",
        "equipment_id":"EQ012",
        "week_start":"2025-04-13",
        "constraint_type":"Crusher Capacity",
        "capacity_value":12566,
        "unit":"ton\/day",
        "update_date":"2025-11-19",
        "remarks":"Jalan licin"
    },
    {
        "constraint_id":"C0051",
        "mine_id":"MINE_4",
        "equipment_id":"EQ007",
        "week_start":"2025-04-27",
        "constraint_type":"Excavator Capacity",
        "capacity_value":8182,
        "unit":"ton\/day",
        "update_date":"2025-11-20",
        "remarks":"Normal"
    },
    {
        "constraint_id":"C0052",
        "mine_id":"MINE_2",
        "equipment_id":"EQ041",
        "week_start":"2025-09-28",
        "constraint_type":"Crusher Capacity",
        "capacity_value":19298,
        "unit":"ton\/day",
        "update_date":"2025-11-21",
        "remarks":"Normal"
    },
    {
        "constraint_id":"C0053",
        "mine_id":"MINE_5",
        "equipment_id":"EQ002",
        "week_start":"2025-08-31",
        "constraint_type":"Excavator Capacity",
        "capacity_value":5463,
        "unit":"ton\/day",
        "update_date":"2025-11-22",
        "remarks":"Maintenance"
    },
    {
        "constraint_id":"C0054",
        "mine_id":"MINE_5",
        "equipment_id":"EQ025",
        "week_start":"2025-02-02",
        "constraint_type":"Excavator Capacity",
        "capacity_value":8860,
        "unit":"ton\/day",
        "update_date":"2025-11-23",
        "remarks":"Normal"
    },
    {
        "constraint_id":"C0055",
        "mine_id":"MINE_3",
        "equipment_id":"EQ010",
        "week_start":"2025-04-20",
        "constraint_type":"Excavator Capacity",
        "capacity_value":10760,
        "unit":"ton\/day",
        "update_date":"2025-11-24",
        "remarks":"Jalan licin"
    },
    {
        "constraint_id":"C0056",
        "mine_id":"MINE_4",
        "equipment_id":"EQ038",
        "week_start":"2025-06-08",
        "constraint_type":"Excavator Capacity",
        "capacity_value":12260,
        "unit":"ton\/day",
        "update_date":"2025-11-25",
        "remarks":"Hujan deras"
    },
    {
        "constraint_id":"C0057",
        "mine_id":"MINE_4",
        "equipment_id":"EQ044",
        "week_start":"2025-09-28",
        "constraint_type":"Excavator Capacity",
        "capacity_value":5450,
        "unit":"ton\/day",
        "update_date":"2025-11-26",
        "remarks":"Hujan deras"
    },
    {
        "constraint_id":"C0058",
        "mine_id":"MINE_2",
        "equipment_id":"EQ006",
        "week_start":"2025-03-02",
        "constraint_type":"Crusher Capacity",
        "capacity_value":18707,
        "unit":"ton\/day",
        "update_date":"2025-11-27",
        "remarks":"Hujan deras"
    },
    {
        "constraint_id":"C0059",
        "mine_id":"MINE_4",
        "equipment_id":"EQ027",
        "week_start":"2025-08-17",
        "constraint_type":"Excavator Capacity",
        "capacity_value":6915,
        "unit":"ton\/day",
        "update_date":"2025-11-28",
        "remarks":"Hujan deras"
    },
    {
        "constraint_id":"C0060",
        "mine_id":"MINE_3",
        "equipment_id":"EQ035",
        "week_start":"2025-08-31",
        "constraint_type":"Excavator Capacity",
        "capacity_value":14115,
        "unit":"ton\/day",
        "update_date":"2025-11-29",
        "remarks":"Maintenance"
    },
    {
        "constraint_id":"C0061",
        "mine_id":"MINE_4",
        "equipment_id":"EQ010",
        "week_start":"2025-10-05",
        "constraint_type":"Excavator Capacity",
        "capacity_value":8622,
        "unit":"ton\/day",
        "update_date":"2025-11-30",
        "remarks":"Jalan licin"
    },
    {
        "constraint_id":"C0062",
        "mine_id":"MINE_3",
        "equipment_id":"EQ009",
        "week_start":"2025-06-15",
        "constraint_type":"Excavator Capacity",
        "capacity_value":12076,
        "unit":"ton\/day",
        "update_date":"2025-12-01",
        "remarks":"Maintenance"
    },
    {
        "constraint_id":"C0063",
        "mine_id":"MINE_5",
        "equipment_id":"EQ020",
        "week_start":"2025-06-15",
        "constraint_type":"Excavator Capacity",
        "capacity_value":19814,
        "unit":"ton\/day",
        "update_date":"2025-12-02",
        "remarks":"Hujan deras"
    },
    {
        "constraint_id":"C0064",
        "mine_id":"MINE_5",
        "equipment_id":"EQ037",
        "week_start":"2025-06-15",
        "constraint_type":"Excavator Capacity",
        "capacity_value":5315,
        "unit":"ton\/day",
        "update_date":"2025-12-03",
        "remarks":"Maintenance"
    },
    {
        "constraint_id":"C0065",
        "mine_id":"MINE_5",
        "equipment_id":"EQ035",
        "week_start":"2025-05-11",
        "constraint_type":"Crusher Capacity",
        "capacity_value":9766,
        "unit":"ton\/day",
        "update_date":"2025-12-04",
        "remarks":"Normal"
    },
    {
        "constraint_id":"C0066",
        "mine_id":"MINE_1",
        "equipment_id":"EQ037",
        "week_start":"2025-09-28",
        "constraint_type":"Excavator Capacity",
        "capacity_value":9793,
        "unit":"ton\/day",
        "update_date":"2025-12-05",
        "remarks":"Jalan licin"
    },
    {
        "constraint_id":"C0067",
        "mine_id":"MINE_5",
        "equipment_id":"EQ040",
        "week_start":"2025-06-22",
        "constraint_type":"Excavator Capacity",
        "capacity_value":18280,
        "unit":"ton\/day",
        "update_date":"2025-12-06",
        "remarks":"Normal"
    },
    {
        "constraint_id":"C0068",
        "mine_id":"MINE_3",
        "equipment_id":"EQ008",
        "week_start":"2025-08-03",
        "constraint_type":"Crusher Capacity",
        "capacity_value":6376,
        "unit":"ton\/day",
        "update_date":"2025-12-07",
        "remarks":"Maintenance"
    },
    {
        "constraint_id":"C0069",
        "mine_id":"MINE_2",
        "equipment_id":"EQ046",
        "week_start":"2025-09-21",
        "constraint_type":"Crusher Capacity",
        "capacity_value":7815,
        "unit":"ton\/day",
        "update_date":"2025-12-08",
        "remarks":"Normal"
    },
    {
        "constraint_id":"C0070",
        "mine_id":"MINE_4",
        "equipment_id":"EQ031",
        "week_start":"2025-06-22",
        "constraint_type":"Hauling Capacity",
        "capacity_value":6262,
        "unit":"ton\/day",
        "update_date":"2025-12-09",
        "remarks":"Maintenance"
    },
    {
        "constraint_id":"C0071",
        "mine_id":"MINE_5",
        "equipment_id":"EQ049",
        "week_start":"2025-07-06",
        "constraint_type":"Crusher Capacity",
        "capacity_value":14319,
        "unit":"ton\/day",
        "update_date":"2025-12-10",
        "remarks":"Maintenance"
    },
    {
        "constraint_id":"C0072",
        "mine_id":"MINE_1",
        "equipment_id":"EQ043",
        "week_start":"2025-08-10",
        "constraint_type":"Crusher Capacity",
        "capacity_value":18194,
        "unit":"ton\/day",
        "update_date":"2025-12-11",
        "remarks":"Jalan licin"
    },
    {
        "constraint_id":"C0073",
        "mine_id":"MINE_1",
        "equipment_id":"EQ016",
        "week_start":"2025-03-16",
        "constraint_type":"Excavator Capacity",
        "capacity_value":7925,
        "unit":"ton\/day",
        "update_date":"2025-12-12",
        "remarks":"Jalan licin"
    },
    {
        "constraint_id":"C0074",
        "mine_id":"MINE_3",
        "equipment_id":"EQ028",
        "week_start":"2025-02-02",
        "constraint_type":"Hauling Capacity",
        "capacity_value":14244,
        "unit":"ton\/day",
        "update_date":"2025-12-13",
        "remarks":"Jalan licin"
    },
    {
        "constraint_id":"C0075",
        "mine_id":"MINE_2",
        "equipment_id":"EQ006",
        "week_start":"2025-08-17",
        "constraint_type":"Excavator Capacity",
        "capacity_value":17376,
        "unit":"ton\/day",
        "update_date":"2025-12-14",
        "remarks":"Hujan deras"
    },
    {
        "constraint_id":"C0076",
        "mine_id":"MINE_5",
        "equipment_id":"EQ032",
        "week_start":"2025-05-11",
        "constraint_type":"Hauling Capacity",
        "capacity_value":15614,
        "unit":"ton\/day",
        "update_date":"2025-12-15",
        "remarks":"Jalan licin"
    },
    {
        "constraint_id":"C0077",
        "mine_id":"MINE_5",
        "equipment_id":"EQ028",
        "week_start":"2025-04-20",
        "constraint_type":"Excavator Capacity",
        "capacity_value":8468,
        "unit":"ton\/day",
        "update_date":"2025-12-16",
        "remarks":"Normal"
    },
    {
        "constraint_id":"C0078",
        "mine_id":"MINE_1",
        "equipment_id":"EQ011",
        "week_start":"2025-08-31",
        "constraint_type":"Crusher Capacity",
        "capacity_value":18874,
        "unit":"ton\/day",
        "update_date":"2025-12-17",
        "remarks":"Jalan licin"
    },
    {
        "constraint_id":"C0079",
        "mine_id":"MINE_3",
        "equipment_id":"EQ042",
        "week_start":"2025-03-16",
        "constraint_type":"Crusher Capacity",
        "capacity_value":17651,
        "unit":"ton\/day",
        "update_date":"2025-12-18",
        "remarks":"Jalan licin"
    },
    {
        "constraint_id":"C0080",
        "mine_id":"MINE_1",
        "equipment_id":"EQ023",
        "week_start":"2025-03-16",
        "constraint_type":"Hauling Capacity",
        "capacity_value":9021,
        "unit":"ton\/day",
        "update_date":"2025-12-19",
        "remarks":"Jalan licin"
    },
    {
        "constraint_id":"C0081",
        "mine_id":"MINE_1",
        "equipment_id":"EQ030",
        "week_start":"2025-03-09",
        "constraint_type":"Excavator Capacity",
        "capacity_value":19482,
        "unit":"ton\/day",
        "update_date":"2025-12-20",
        "remarks":"Maintenance"
    },
    {
        "constraint_id":"C0082",
        "mine_id":"MINE_2",
        "equipment_id":"EQ009",
        "week_start":"2025-08-24",
        "constraint_type":"Excavator Capacity",
        "capacity_value":9409,
        "unit":"ton\/day",
        "update_date":"2025-12-21",
        "remarks":"Maintenance"
    },
    {
        "constraint_id":"C0083",
        "mine_id":"MINE_3",
        "equipment_id":"EQ028",
        "week_start":"2025-02-02",
        "constraint_type":"Crusher Capacity",
        "capacity_value":5547,
        "unit":"ton\/day",
        "update_date":"2025-12-22",
        "remarks":"Jalan licin"
    },
    {
        "constraint_id":"C0084",
        "mine_id":"MINE_2",
        "equipment_id":"EQ024",
        "week_start":"2025-06-08",
        "constraint_type":"Crusher Capacity",
        "capacity_value":9891,
        "unit":"ton\/day",
        "update_date":"2025-12-23",
        "remarks":"Maintenance"
    },
    {
        "constraint_id":"C0085",
        "mine_id":"MINE_3",
        "equipment_id":"EQ028",
        "week_start":"2025-06-22",
        "constraint_type":"Hauling Capacity",
        "capacity_value":8523,
        "unit":"ton\/day",
        "update_date":"2025-12-24",
        "remarks":"Maintenance"
    },
    {
        "constraint_id":"C0086",
        "mine_id":"MINE_5",
        "equipment_id":"EQ024",
        "week_start":"2025-07-20",
        "constraint_type":"Crusher Capacity",
        "capacity_value":12042,
        "unit":"ton\/day",
        "update_date":"2025-12-25",
        "remarks":"Hujan deras"
    },
    {
        "constraint_id":"C0087",
        "mine_id":"MINE_4",
        "equipment_id":"EQ015",
        "week_start":"2025-10-05",
        "constraint_type":"Hauling Capacity",
        "capacity_value":14721,
        "unit":"ton\/day",
        "update_date":"2025-12-26",
        "remarks":"Normal"
    },
    {
        "constraint_id":"C0088",
        "mine_id":"MINE_4",
        "equipment_id":"EQ039",
        "week_start":"2025-03-30",
        "constraint_type":"Hauling Capacity",
        "capacity_value":10605,
        "unit":"ton\/day",
        "update_date":"2025-12-27",
        "remarks":"Maintenance"
    },
    {
        "constraint_id":"C0089",
        "mine_id":"MINE_3",
        "equipment_id":"EQ050",
        "week_start":"2025-08-10",
        "constraint_type":"Hauling Capacity",
        "capacity_value":19436,
        "unit":"ton\/day",
        "update_date":"2025-12-28",
        "remarks":"Normal"
    },
    {
        "constraint_id":"C0090",
        "mine_id":"MINE_4",
        "equipment_id":"EQ033",
        "week_start":"2025-08-24",
        "constraint_type":"Hauling Capacity",
        "capacity_value":5106,
        "unit":"ton\/day",
        "update_date":"2025-12-29",
        "remarks":"Maintenance"
    },
    {
        "constraint_id":"C0091",
        "mine_id":"MINE_1",
        "equipment_id":"EQ047",
        "week_start":"2025-03-23",
        "constraint_type":"Crusher Capacity",
        "capacity_value":14048,
        "unit":"ton\/day",
        "update_date":"2025-12-30",
        "remarks":"Jalan licin"
    },
    {
        "constraint_id":"C0092",
        "mine_id":"MINE_5",
        "equipment_id":"EQ034",
        "week_start":"2025-06-15",
        "constraint_type":"Hauling Capacity",
        "capacity_value":7984,
        "unit":"ton\/day",
        "update_date":"2025-12-31",
        "remarks":"Maintenance"
    },
    {
        "constraint_id":"C0093",
        "mine_id":"MINE_5",
        "equipment_id":"EQ022",
        "week_start":"2025-10-05",
        "constraint_type":"Crusher Capacity",
        "capacity_value":17578,
        "unit":"ton\/day",
        "update_date":"2026-01-01",
        "remarks":"Maintenance"
    },
    {
        "constraint_id":"C0094",
        "mine_id":"MINE_4",
        "equipment_id":"EQ029",
        "week_start":"2025-05-25",
        "constraint_type":"Hauling Capacity",
        "capacity_value":10468,
        "unit":"ton\/day",
        "update_date":"2026-01-02",
        "remarks":"Normal"
    },
    {
        "constraint_id":"C0095",
        "mine_id":"MINE_3",
        "equipment_id":"EQ034",
        "week_start":"2025-07-20",
        "constraint_type":"Crusher Capacity",
        "capacity_value":17904,
        "unit":"ton\/day",
        "update_date":"2026-01-03",
        "remarks":"Jalan licin"
    },
    {
        "constraint_id":"C0096",
        "mine_id":"MINE_1",
        "equipment_id":"EQ042",
        "week_start":"2025-06-08",
        "constraint_type":"Hauling Capacity",
        "capacity_value":10852,
        "unit":"ton\/day",
        "update_date":"2026-01-04",
        "remarks":"Hujan deras"
    },
    {
        "constraint_id":"C0097",
        "mine_id":"MINE_3",
        "equipment_id":"EQ047",
        "week_start":"2025-08-17",
        "constraint_type":"Crusher Capacity",
        "capacity_value":19923,
        "unit":"ton\/day",
        "update_date":"2026-01-05",
        "remarks":"Normal"
    },
    {
        "constraint_id":"C0098",
        "mine_id":"MINE_4",
        "equipment_id":"EQ010",
        "week_start":"2025-02-23",
        "constraint_type":"Excavator Capacity",
        "capacity_value":6250,
        "unit":"ton\/day",
        "update_date":"2026-01-06",
        "remarks":"Jalan licin"
    },
    {
        "constraint_id":"C0099",
        "mine_id":"MINE_5",
        "equipment_id":"EQ045",
        "week_start":"2025-03-30",
        "constraint_type":"Hauling Capacity",
        "capacity_value":11739,
        "unit":"ton\/day",
        "update_date":"2026-01-07",
        "remarks":"Jalan licin"
    },
    {
        "constraint_id":"C0100",
        "mine_id":"MINE_5",
        "equipment_id":"EQ030",
        "week_start":"2025-02-02",
        "constraint_type":"Hauling Capacity",
        "capacity_value":18264,
        "unit":"ton\/day",
        "update_date":"2026-01-08",
        "remarks":"Normal"
    },
    {
        "constraint_id":"C0101",
        "mine_id":"MINE_3",
        "equipment_id":"EQ011",
        "week_start":"2025-03-09",
        "constraint_type":"Excavator Capacity",
        "capacity_value":11132,
        "unit":"ton\/day",
        "update_date":"2026-01-09",
        "remarks":"Maintenance"
    },
    {
        "constraint_id":"C0102",
        "mine_id":"MINE_2",
        "equipment_id":"EQ034",
        "week_start":"2025-04-06",
        "constraint_type":"Excavator Capacity",
        "capacity_value":6611,
        "unit":"ton\/day",
        "update_date":"2026-01-10",
        "remarks":"Jalan licin"
    },
    {
        "constraint_id":"C0103",
        "mine_id":"MINE_3",
        "equipment_id":"EQ021",
        "week_start":"2025-06-15",
        "constraint_type":"Hauling Capacity",
        "capacity_value":12928,
        "unit":"ton\/day",
        "update_date":"2026-01-11",
        "remarks":"Hujan deras"
    },
    {
        "constraint_id":"C0104",
        "mine_id":"MINE_2",
        "equipment_id":"EQ013",
        "week_start":"2025-03-16",
        "constraint_type":"Crusher Capacity",
        "capacity_value":6790,
        "unit":"ton\/day",
        "update_date":"2026-01-12",
        "remarks":"Maintenance"
    },
    {
        "constraint_id":"C0105",
        "mine_id":"MINE_3",
        "equipment_id":"EQ025",
        "week_start":"2025-01-19",
        "constraint_type":"Hauling Capacity",
        "capacity_value":12217,
        "unit":"ton\/day",
        "update_date":"2026-01-13",
        "remarks":"Normal"
    },
    {
        "constraint_id":"C0106",
        "mine_id":"MINE_2",
        "equipment_id":"EQ021",
        "week_start":"2025-07-20",
        "constraint_type":"Crusher Capacity",
        "capacity_value":5867,
        "unit":"ton\/day",
        "update_date":"2026-01-14",
        "remarks":"Normal"
    },
    {
        "constraint_id":"C0107",
        "mine_id":"MINE_2",
        "equipment_id":"EQ001",
        "week_start":"2025-07-27",
        "constraint_type":"Excavator Capacity",
        "capacity_value":7769,
        "unit":"ton\/day",
        "update_date":"2026-01-15",
        "remarks":"Normal"
    },
    {
        "constraint_id":"C0108",
        "mine_id":"MINE_2",
        "equipment_id":"EQ005",
        "week_start":"2025-09-14",
        "constraint_type":"Crusher Capacity",
        "capacity_value":17445,
        "unit":"ton\/day",
        "update_date":"2026-01-16",
        "remarks":"Normal"
    },
    {
        "constraint_id":"C0109",
        "mine_id":"MINE_2",
        "equipment_id":"EQ022",
        "week_start":"2025-02-16",
        "constraint_type":"Hauling Capacity",
        "capacity_value":5327,
        "unit":"ton\/day",
        "update_date":"2026-01-17",
        "remarks":"Hujan deras"
    },
    {
        "constraint_id":"C0110",
        "mine_id":"MINE_1",
        "equipment_id":"EQ007",
        "week_start":"2025-04-27",
        "constraint_type":"Excavator Capacity",
        "capacity_value":8816,
        "unit":"ton\/day",
        "update_date":"2026-01-18",
        "remarks":"Hujan deras"
    },
    {
        "constraint_id":"C0111",
        "mine_id":"MINE_2",
        "equipment_id":"EQ013",
        "week_start":"2025-05-18",
        "constraint_type":"Excavator Capacity",
        "capacity_value":8148,
        "unit":"ton\/day",
        "update_date":"2026-01-19",
        "remarks":"Jalan licin"
    },
    {
        "constraint_id":"C0112",
        "mine_id":"MINE_2",
        "equipment_id":"EQ045",
        "week_start":"2025-03-16",
        "constraint_type":"Hauling Capacity",
        "capacity_value":11776,
        "unit":"ton\/day",
        "update_date":"2026-01-20",
        "remarks":"Hujan deras"
    },
    {
        "constraint_id":"C0113",
        "mine_id":"MINE_5",
        "equipment_id":"EQ023",
        "week_start":"2025-06-22",
        "constraint_type":"Hauling Capacity",
        "capacity_value":18765,
        "unit":"ton\/day",
        "update_date":"2026-01-21",
        "remarks":"Normal"
    },
    {
        "constraint_id":"C0114",
        "mine_id":"MINE_1",
        "equipment_id":"EQ021",
        "week_start":"2025-06-15",
        "constraint_type":"Excavator Capacity",
        "capacity_value":16573,
        "unit":"ton\/day",
        "update_date":"2026-01-22",
        "remarks":"Hujan deras"
    },
    {
        "constraint_id":"C0115",
        "mine_id":"MINE_2",
        "equipment_id":"EQ006",
        "week_start":"2025-01-12",
        "constraint_type":"Crusher Capacity",
        "capacity_value":15566,
        "unit":"ton\/day",
        "update_date":"2026-01-23",
        "remarks":"Maintenance"
    },
    {
        "constraint_id":"C0116",
        "mine_id":"MINE_4",
        "equipment_id":"EQ020",
        "week_start":"2025-07-06",
        "constraint_type":"Crusher Capacity",
        "capacity_value":7555,
        "unit":"ton\/day",
        "update_date":"2026-01-24",
        "remarks":"Maintenance"
    },
    {
        "constraint_id":"C0117",
        "mine_id":"MINE_1",
        "equipment_id":"EQ012",
        "week_start":"2025-05-11",
        "constraint_type":"Crusher Capacity",
        "capacity_value":18157,
        "unit":"ton\/day",
        "update_date":"2026-01-25",
        "remarks":"Jalan licin"
    },
    {
        "constraint_id":"C0118",
        "mine_id":"MINE_5",
        "equipment_id":"EQ040",
        "week_start":"2025-07-20",
        "constraint_type":"Hauling Capacity",
        "capacity_value":14322,
        "unit":"ton\/day",
        "update_date":"2026-01-26",
        "remarks":"Normal"
    },
    {
        "constraint_id":"C0119",
        "mine_id":"MINE_3",
        "equipment_id":"EQ009",
        "week_start":"2025-09-14",
        "constraint_type":"Excavator Capacity",
        "capacity_value":9336,
        "unit":"ton\/day",
        "update_date":"2026-01-27",
        "remarks":"Hujan deras"
    },
    {
        "constraint_id":"C0120",
        "mine_id":"MINE_5",
        "equipment_id":"EQ050",
        "week_start":"2025-03-16",
        "constraint_type":"Crusher Capacity",
        "capacity_value":7482,
        "unit":"ton\/day",
        "update_date":"2026-01-28",
        "remarks":"Jalan licin"
    },
    {
        "constraint_id":"C0121",
        "mine_id":"MINE_5",
        "equipment_id":"EQ028",
        "week_start":"2025-05-11",
        "constraint_type":"Excavator Capacity",
        "capacity_value":8099,
        "unit":"ton\/day",
        "update_date":"2026-01-29",
        "remarks":"Jalan licin"
    },
    {
        "constraint_id":"C0122",
        "mine_id":"MINE_1",
        "equipment_id":"EQ011",
        "week_start":"2025-07-13",
        "constraint_type":"Crusher Capacity",
        "capacity_value":15943,
        "unit":"ton\/day",
        "update_date":"2026-01-30",
        "remarks":"Hujan deras"
    },
    {
        "constraint_id":"C0123",
        "mine_id":"MINE_1",
        "equipment_id":"EQ032",
        "week_start":"2025-09-28",
        "constraint_type":"Excavator Capacity",
        "capacity_value":16512,
        "unit":"ton\/day",
        "update_date":"2026-01-31",
        "remarks":"Jalan licin"
    },
    {
        "constraint_id":"C0124",
        "mine_id":"MINE_4",
        "equipment_id":"EQ011",
        "week_start":"2025-05-25",
        "constraint_type":"Hauling Capacity",
        "capacity_value":18675,
        "unit":"ton\/day",
        "update_date":"2026-02-01",
        "remarks":"Normal"
    },
    {
        "constraint_id":"C0125",
        "mine_id":"MINE_4",
        "equipment_id":"EQ024",
        "week_start":"2025-06-29",
        "constraint_type":"Hauling Capacity",
        "capacity_value":19036,
        "unit":"ton\/day",
        "update_date":"2026-02-02",
        "remarks":"Hujan deras"
    },
    {
        "constraint_id":"C0126",
        "mine_id":"MINE_1",
        "equipment_id":"EQ015",
        "week_start":"2025-06-01",
        "constraint_type":"Hauling Capacity",
        "capacity_value":14748,
        "unit":"ton\/day",
        "update_date":"2026-02-03",
        "remarks":"Maintenance"
    },
    {
        "constraint_id":"C0127",
        "mine_id":"MINE_1",
        "equipment_id":"EQ041",
        "week_start":"2025-02-09",
        "constraint_type":"Crusher Capacity",
        "capacity_value":16735,
        "unit":"ton\/day",
        "update_date":"2026-02-04",
        "remarks":"Maintenance"
    },
    {
        "constraint_id":"C0128",
        "mine_id":"MINE_1",
        "equipment_id":"EQ035",
        "week_start":"2025-03-16",
        "constraint_type":"Hauling Capacity",
        "capacity_value":10786,
        "unit":"ton\/day",
        "update_date":"2026-02-05",
        "remarks":"Hujan deras"
    },
    {
        "constraint_id":"C0129",
        "mine_id":"MINE_3",
        "equipment_id":"EQ017",
        "week_start":"2025-04-06",
        "constraint_type":"Hauling Capacity",
        "capacity_value":18850,
        "unit":"ton\/day",
        "update_date":"2026-02-06",
        "remarks":"Jalan licin"
    },
    {
        "constraint_id":"C0130",
        "mine_id":"MINE_5",
        "equipment_id":"EQ025",
        "week_start":"2025-09-07",
        "constraint_type":"Hauling Capacity",
        "capacity_value":11732,
        "unit":"ton\/day",
        "update_date":"2026-02-07",
        "remarks":"Jalan licin"
    },
    {
        "constraint_id":"C0131",
        "mine_id":"MINE_4",
        "equipment_id":"EQ049",
        "week_start":"2025-10-05",
        "constraint_type":"Excavator Capacity",
        "capacity_value":12985,
        "unit":"ton\/day",
        "update_date":"2026-02-08",
        "remarks":"Maintenance"
    },
    {
        "constraint_id":"C0132",
        "mine_id":"MINE_4",
        "equipment_id":"EQ035",
        "week_start":"2025-01-12",
        "constraint_type":"Excavator Capacity",
        "capacity_value":17700,
        "unit":"ton\/day",
        "update_date":"2026-02-09",
        "remarks":"Maintenance"
    },
    {
        "constraint_id":"C0133",
        "mine_id":"MINE_2",
        "equipment_id":"EQ019",
        "week_start":"2025-05-18",
        "constraint_type":"Excavator Capacity",
        "capacity_value":11054,
        "unit":"ton\/day",
        "update_date":"2026-02-10",
        "remarks":"Normal"
    },
    {
        "constraint_id":"C0134",
        "mine_id":"MINE_3",
        "equipment_id":"EQ041",
        "week_start":"2025-06-01",
        "constraint_type":"Excavator Capacity",
        "capacity_value":5568,
        "unit":"ton\/day",
        "update_date":"2026-02-11",
        "remarks":"Jalan licin"
    },
    {
        "constraint_id":"C0135",
        "mine_id":"MINE_1",
        "equipment_id":"EQ031",
        "week_start":"2025-09-28",
        "constraint_type":"Excavator Capacity",
        "capacity_value":6654,
        "unit":"ton\/day",
        "update_date":"2026-02-12",
        "remarks":"Normal"
    },
    {
        "constraint_id":"C0136",
        "mine_id":"MINE_1",
        "equipment_id":"EQ017",
        "week_start":"2025-01-26",
        "constraint_type":"Excavator Capacity",
        "capacity_value":16428,
        "unit":"ton\/day",
        "update_date":"2026-02-13",
        "remarks":"Maintenance"
    },
    {
        "constraint_id":"C0137",
        "mine_id":"MINE_3",
        "equipment_id":"EQ050",
        "week_start":"2025-07-20",
        "constraint_type":"Excavator Capacity",
        "capacity_value":12132,
        "unit":"ton\/day",
        "update_date":"2026-02-14",
        "remarks":"Maintenance"
    },
    {
        "constraint_id":"C0138",
        "mine_id":"MINE_4",
        "equipment_id":"EQ023",
        "week_start":"2025-06-15",
        "constraint_type":"Hauling Capacity",
        "capacity_value":18887,
        "unit":"ton\/day",
        "update_date":"2026-02-15",
        "remarks":"Maintenance"
    },
    {
        "constraint_id":"C0139",
        "mine_id":"MINE_1",
        "equipment_id":"EQ047",
        "week_start":"2025-01-05",
        "constraint_type":"Hauling Capacity",
        "capacity_value":16311,
        "unit":"ton\/day",
        "update_date":"2026-02-16",
        "remarks":"Maintenance"
    },
    {
        "constraint_id":"C0140",
        "mine_id":"MINE_2",
        "equipment_id":"EQ001",
        "week_start":"2025-06-15",
        "constraint_type":"Crusher Capacity",
        "capacity_value":8733,
        "unit":"ton\/day",
        "update_date":"2026-02-17",
        "remarks":"Normal"
    },
    {
        "constraint_id":"C0141",
        "mine_id":"MINE_4",
        "equipment_id":"EQ010",
        "week_start":"2025-07-27",
        "constraint_type":"Hauling Capacity",
        "capacity_value":19819,
        "unit":"ton\/day",
        "update_date":"2026-02-18",
        "remarks":"Maintenance"
    },
    {
        "constraint_id":"C0142",
        "mine_id":"MINE_5",
        "equipment_id":"EQ008",
        "week_start":"2025-03-23",
        "constraint_type":"Excavator Capacity",
        "capacity_value":8229,
        "unit":"ton\/day",
        "update_date":"2026-02-19",
        "remarks":"Hujan deras"
    },
    {
        "constraint_id":"C0143",
        "mine_id":"MINE_3",
        "equipment_id":"EQ042",
        "week_start":"2025-05-11",
        "constraint_type":"Excavator Capacity",
        "capacity_value":11811,
        "unit":"ton\/day",
        "update_date":"2026-02-20",
        "remarks":"Jalan licin"
    },
    {
        "constraint_id":"C0144",
        "mine_id":"MINE_4",
        "equipment_id":"EQ026",
        "week_start":"2025-09-14",
        "constraint_type":"Crusher Capacity",
        "capacity_value":13342,
        "unit":"ton\/day",
        "update_date":"2026-02-21",
        "remarks":"Maintenance"
    },
    {
        "constraint_id":"C0145",
        "mine_id":"MINE_5",
        "equipment_id":"EQ034",
        "week_start":"2025-10-05",
        "constraint_type":"Hauling Capacity",
        "capacity_value":15464,
        "unit":"ton\/day",
        "update_date":"2026-02-22",
        "remarks":"Jalan licin"
    },
    {
        "constraint_id":"C0146",
        "mine_id":"MINE_2",
        "equipment_id":"EQ019",
        "week_start":"2025-01-26",
        "constraint_type":"Hauling Capacity",
        "capacity_value":18571,
        "unit":"ton\/day",
        "update_date":"2026-02-23",
        "remarks":"Maintenance"
    },
    {
        "constraint_id":"C0147",
        "mine_id":"MINE_3",
        "equipment_id":"EQ014",
        "week_start":"2025-04-13",
        "constraint_type":"Crusher Capacity",
        "capacity_value":17543,
        "unit":"ton\/day",
        "update_date":"2026-02-24",
        "remarks":"Normal"
    },
    {
        "constraint_id":"C0148",
        "mine_id":"MINE_1",
        "equipment_id":"EQ008",
        "week_start":"2025-05-18",
        "constraint_type":"Excavator Capacity",
        "capacity_value":15300,
        "unit":"ton\/day",
        "update_date":"2026-02-25",
        "remarks":"Jalan licin"
    },
    {
        "constraint_id":"C0149",
        "mine_id":"MINE_1",
        "equipment_id":"EQ001",
        "week_start":"2025-05-18",
        "constraint_type":"Excavator Capacity",
        "capacity_value":6795,
        "unit":"ton\/day",
        "update_date":"2026-02-26",
        "remarks":"Normal"
    },
    {
        "constraint_id":"C0150",
        "mine_id":"MINE_5",
        "equipment_id":"EQ048",
        "week_start":"2025-05-25",
        "constraint_type":"Excavator Capacity",
        "capacity_value":11539,
        "unit":"ton\/day",
        "update_date":"2026-02-27",
        "remarks":"Maintenance"
    }
]