[
    {
        "road_id":"RD001",
        "mine_id":"MINE_4",
        "segment_name":"Segment 1",
        "condition_level":"Good",
        "accessibility_pct":71,
        "last_inspection":"2025-10-01",
        "remark":"Perlu perbaikan"
    },
    {
        "road_id":"RD002",
        "mine_id":"MINE_5",
        "segment_name":"Segment 2",
        "condition_level":"Poor",
        "accessibility_pct":66,
        "last_inspection":"2025-10-02",
        "remark":"Lumpur"
    },
    {
        "road_id":"RD003",
        "mine_id":"MINE_3",
        "segment_name":"Segment 3",
        "condition_level":"Good",
        "accessibility_pct":88,
        "last_inspection":"2025-10-03",
        "remark":"Drainase buruk"
    },
    {
        "road_id":"RD004",
        "mine_id":"MINE_5",
        "segment_name":"Segment 4",
        "condition_level":"Good",
        "accessibility_pct":70,
        "last_inspection":"2025-10-04",
        "remark":"Lumpur"
    },
    {
        "road_id":"RD005",
        "mine_id":"MINE_2",
        "segment_name":"Segment 5",
        "condition_level":"Good",
        "accessibility_pct":92,
        "last_inspection":"2025-10-05",
        "remark":"Perlu perbaikan"
    },
    {
        "road_id":"RD006",
        "mine_id":"MINE_1",
        "segment_name":"Segment 6",
        "condition_level":"Good",
        "accessibility_pct":65,
        "last_inspection":"2025-10-06",
        "remark":"Perlu perbaikan"
    },
    {
        "road_id":"RD007",
        "mine_id":"MINE_3",
        "segment_name":"Segment 7",
        "condition_level":"Poor",
        "accessibility_pct":74,
        "last_inspection":"2025-10-07",
        "remark":"Perlu perbaikan"
    },
    {
        "road_id":"RD008",
        "mine_id":"MINE_2",
        "segment_name":"Segment 8",
        "condition_level":"Good",
        "accessibility_pct":91,
        "last_inspection":"2025-10-08",
        "remark":"Lancar"
    },
    {
        "road_id":"RD009",
        "mine_id":"MINE_2",
        "segment_name":"Segment 9",
        "condition_level":"Good",
        "accessibility_pct":70,
        "last_inspection":"2025-10-09",
        "remark":"Lumpur"
    },
    {
        "road_id":"RD010",
        "mine_id":"MINE_3",
        "segment_name":"Segment 10",
        "condition_level":"Fair",
        "accessibility_pct":82,
        "last_inspection":"2025-10-10",
        "remark":"Drainase buruk"
    },
    {
        "road_id":"RD011",
        "mine_id":"MINE_5",
        "segment_name":"Segment 11",
        "condition_level":"Fair",
        "accessibility_pct":85,
        "last_inspection":"2025-10-11",
        "remark":"Drainase buruk"
    },
    {
        "road_id":"RD012",
        "mine_id":"MINE_2",
        "segment_name":"Segment 12",
        "condition_level":"Good",
        "accessibility_pct":93,
        "last_inspection":"2025-10-12",
        "remark":"Drainase buruk"
    },
    {
        "road_id":"RD013",
        "mine_id":"MINE_4",
        "segment_name":"Segment 13",
        "condition_level":"Fair",
        "accessibility_pct":93,
        "last_inspection":"2025-10-13",
        "remark":"Lancar"
    },
    {
        "road_id":"RD014",
        "mine_id":"MINE_2",
        "segment_name":"Segment 14",
        "condition_level":"Poor",
        "accessibility_pct":88,
        "last_inspection":"2025-10-14",
        "remark":"Lancar"
    },
    {
        "road_id":"RD015",
        "mine_id":"MINE_5",
        "segment_name":"Segment 15",
        "condition_level":"Good",
        "accessibility_pct":63,
        "last_inspection":"2025-10-15",
        "remark":"Perlu perbaikan"
    },
    {
        "road_id":"RD016",
        "mine_id":"MINE_5",
        "segment_name":"Segment 16",
        "condition_level":"Fair",
        "accessibility_pct":76,
        "last_inspection":"2025-10-16",
        "remark":"Drainase buruk"
    },
    {
        "road_id":"RD017",
        "mine_id":"MINE_4",
        "segment_name":"Segment 17",
        "condition_level":"Fair",
        "accessibility_pct":94,
        "last_inspection":"2025-10-17",
        "remark":"Lancar"
    },
    {
        "road_id":"RD018",
        "mine_id":"MINE_2",
        "segment_name":"Segment 18",
        "condition_level":"Good",
        "accessibility_pct":72,
        "last_inspection":"2025-10-18",
        "remark":"Perlu perbaikan"
    },
    {
        "road_id":"RD019",
        "mine_id":"MINE_5",
        "segment_name":"Segment 19",
        "condition_level":"Good",
        "accessibility_pct":98,
        "last_inspection":"2025-10-19",
        "remark":"Drainase buruk"
    },
    {
        "road_id":"RD020",
        "mine_id":"MINE_3",
        "segment_name":"Segment 20",
        "condition_level":"Good",
        "accessibility_pct":74,
        "last_inspection":"2025-10-20",
        "remark":"Lumpur"
    },
    {
        "road_id":"RD021",
        "mine_id":"MINE_1",
        "segment_name":"Segment 21",
        "condition_level":"Poor",
        "accessibility_pct":88,
        "last_inspection":"2025-10-21",
        "remark":"Perlu perbaikan"
    },
    {
        "road_id":"RD022",
        "mine_id":"MINE_1",
        "segment_name":"Segment 22",
        "condition_level":"Poor",
        "accessibility_pct":88,
        "last_inspection":"2025-10-22",
        "remark":"Lancar"
    },
    {
        "road_id":"RD023",
        "mine_id":"MINE_1",
        "segment_name":"Segment 23",
        "condition_level":"Fair",
        "accessibility_pct":70,
        "last_inspection":"2025-10-23",
        "remark":"Lancar"
    },
    {
        "road_id":"RD024",
        "mine_id":"MINE_2",
        "segment_name":"Segment 24",
        "condition_level":"Good",
        "accessibility_pct":91,
        "last_inspection":"2025-10-24",
        "remark":"Perlu perbaikan"
    },
    {
        "road_id":"RD025",
        "mine_id":"MINE_4",
        "segment_name":"Segment 25",
        "condition_level":"Fair",
        "accessibility_pct":61,
        "last_inspection":"2025-10-25",
        "remark":"Perlu perbaikan"
    }
]