[
    {
        "weather_id":"W0000",
        "mine_id":"MINE_1",
        "date":"2025-10-01",
        "rainfall_mm":19.8,
        "temperature_c":30.8,
        "wind_speed_kmh":17.0,
        "humidity_pct":68,
        "remark":"Hujan lebat"
    },
    {
        "weather_id":"W0001",
        "mine_id":"MINE_1",
        "date":"2025-10-02",
        "rainfall_mm":30.2,
        "temperature_c":27.4,
        "wind_speed_kmh":7.2,
        "humidity_pct":81,
        "remark":"Hujan lebat"
    },
    {
        "weather_id":"W0002",
        "mine_id":"MINE_1",
        "date":"2025-10-03",
        "rainfall_mm":19.0,
        "temperature_c":31.3,
        "wind_speed_kmh":8.4,
        "humidity_pct":63,
        "remark":"Hujan sedang"
    },
    {
        "weather_id":"W0003",
        "mine_id":"MINE_1",
        "date":"2025-10-04",
        "rainfall_mm":5.4,
        "temperature_c":30.7,
        "wind_speed_kmh":15.8,
        "humidity_pct":85,
        "remark":"Hujan ringan"
    },
    {
        "weather_id":"W0004",
        "mine_id":"MINE_1",
        "date":"2025-10-05",
        "rainfall_mm":28.1,
        "temperature_c":28.1,
        "wind_speed_kmh":15.8,
        "humidity_pct":88,
        "remark":"Cerah"
    },
    {
        "weather_id":"W0005",
        "mine_id":"MINE_1",
        "date":"2025-10-06",
        "rainfall_mm":7.1,
        "temperature_c":29.0,
        "wind_speed_kmh":14.6,
        "humidity_pct":93,
        "remark":"Cerah"
    },
    {
        "weather_id":"W0006",
        "mine_id":"MINE_1",
        "date":"2025-10-07",
        "rainfall_mm":28.7,
        "temperature_c":27.9,
        "wind_speed_kmh":15.4,
        "humidity_pct":82,
        "remark":"Cerah"
    },
    {
        "weather_id":"W0007",
        "mine_id":"MINE_1",
        "date":"2025-10-08",
        "rainfall_mm":39.0,
        "temperature_c":29.9,
        "wind_speed_kmh":13.1,
        "humidity_pct":70,
        "remark":"Hujan sedang"
    },
    {
        "weather_id":"W0008",
        "mine_id":"MINE_1",
        "date":"2025-10-09",
        "rainfall_mm":7.8,
        "temperature_c":31.9,
        "wind_speed_kmh":8.8,
        "humidity_pct":65,
        "remark":"Hujan lebat"
    },
    {
        "weather_id":"W0009",
        "mine_id":"MINE_1",
        "date":"2025-10-10",
        "rainfall_mm":18.6,
        "temperature_c":28.0,
        "wind_speed_kmh":10.2,
        "humidity_pct":77,
        "remark":"Hujan ringan"
    },
    {
        "weather_id":"W0010",
        "mine_id":"MINE_1",
        "date":"2025-10-11",
        "rainfall_mm":30.8,
        "temperature_c":31.0,
        "wind_speed_kmh":7.7,
        "humidity_pct":80,
        "remark":"Hujan sedang"
    },
    {
        "weather_id":"W0011",
        "mine_id":"MINE_1",
        "date":"2025-10-12",
        "rainfall_mm":13.8,
        "temperature_c":28.9,
        "wind_speed_kmh":18.6,
        "humidity_pct":93,
        "remark":"Hujan lebat"
    },
    {
        "weather_id":"W0012",
        "mine_id":"MINE_1",
        "date":"2025-10-13",
        "rainfall_mm":82.8,
        "temperature_c":28.4,
        "wind_speed_kmh":13.8,
        "humidity_pct":76,
        "remark":"Hujan sedang"
    },
    {
        "weather_id":"W0013",
        "mine_id":"MINE_1",
        "date":"2025-10-14",
        "rainfall_mm":17.9,
        "temperature_c":29.8,
        "wind_speed_kmh":11.0,
        "humidity_pct":84,
        "remark":"Hujan ringan"
    },
    {
        "weather_id":"W0014",
        "mine_id":"MINE_1",
        "date":"2025-10-15",
        "rainfall_mm":7.1,
        "temperature_c":27.9,
        "wind_speed_kmh":11.9,
        "humidity_pct":71,
        "remark":"Hujan lebat"
    },
    {
        "weather_id":"W0015",
        "mine_id":"MINE_1",
        "date":"2025-10-16",
        "rainfall_mm":32.7,
        "temperature_c":28.9,
        "wind_speed_kmh":19.2,
        "humidity_pct":82,
        "remark":"Hujan sedang"
    },
    {
        "weather_id":"W0016",
        "mine_id":"MINE_1",
        "date":"2025-10-17",
        "rainfall_mm":15.1,
        "temperature_c":27.6,
        "wind_speed_kmh":7.3,
        "humidity_pct":81,
        "remark":"Hujan ringan"
    },
    {
        "weather_id":"W0017",
        "mine_id":"MINE_1",
        "date":"2025-10-18",
        "rainfall_mm":28.2,
        "temperature_c":33.9,
        "wind_speed_kmh":13.8,
        "humidity_pct":80,
        "remark":"Cerah"
    },
    {
        "weather_id":"W0018",
        "mine_id":"MINE_1",
        "date":"2025-10-19",
        "rainfall_mm":11.5,
        "temperature_c":30.1,
        "wind_speed_kmh":12.6,
        "humidity_pct":86,
        "remark":"Hujan ringan"
    },
    {
        "weather_id":"W0019",
        "mine_id":"MINE_1",
        "date":"2025-10-20",
        "rainfall_mm":28.8,
        "temperature_c":28.6,
        "wind_speed_kmh":14.2,
        "humidity_pct":90,
        "remark":"Cerah"
    },
    {
        "weather_id":"W0020",
        "mine_id":"MINE_1",
        "date":"2025-10-21",
        "rainfall_mm":7.3,
        "temperature_c":30.4,
        "wind_speed_kmh":5.3,
        "humidity_pct":65,
        "remark":"Hujan sedang"
    },
    {
        "weather_id":"W0021",
        "mine_id":"MINE_1",
        "date":"2025-10-22",
        "rainfall_mm":10.9,
        "temperature_c":29.8,
        "wind_speed_kmh":18.1,
        "humidity_pct":86,
        "remark":"Hujan lebat"
    },
    {
        "weather_id":"W0022",
        "mine_id":"MINE_1",
        "date":"2025-10-23",
        "rainfall_mm":26.2,
        "temperature_c":29.6,
        "wind_speed_kmh":19.0,
        "humidity_pct":93,
        "remark":"Hujan lebat"
    },
    {
        "weather_id":"W0023",
        "mine_id":"MINE_1",
        "date":"2025-10-24",
        "rainfall_mm":51.4,
        "temperature_c":31.2,
        "wind_speed_kmh":13.5,
        "humidity_pct":71,
        "remark":"Hujan sedang"
    },
    {
        "weather_id":"W0024",
        "mine_id":"MINE_1",
        "date":"2025-10-25",
        "rainfall_mm":34.4,
        "temperature_c":31.5,
        "wind_speed_kmh":15.4,
        "humidity_pct":66,
        "remark":"Hujan lebat"
    },
    {
        "weather_id":"W0025",
        "mine_id":"MINE_1",
        "date":"2025-10-26",
        "rainfall_mm":17.3,
        "temperature_c":28.9,
        "wind_speed_kmh":18.8,
        "humidity_pct":69,
        "remark":"Hujan lebat"
    },
    {
        "weather_id":"W0026",
        "mine_id":"MINE_1",
        "date":"2025-10-27",
        "rainfall_mm":7.1,
        "temperature_c":28.8,
        "wind_speed_kmh":15.6,
        "humidity_pct":76,
        "remark":"Cerah"
    },
    {
        "weather_id":"W0027",
        "mine_id":"MINE_1",
        "date":"2025-10-28",
        "rainfall_mm":41.6,
        "temperature_c":29.4,
        "wind_speed_kmh":7.3,
        "humidity_pct":85,
        "remark":"Hujan sedang"
    },
    {
        "weather_id":"W0028",
        "mine_id":"MINE_1",
        "date":"2025-10-29",
        "rainfall_mm":20.9,
        "temperature_c":25.4,
        "wind_speed_kmh":13.6,
        "humidity_pct":80,
        "remark":"Hujan ringan"
    },
    {
        "weather_id":"W0029",
        "mine_id":"MINE_1",
        "date":"2025-10-30",
        "rainfall_mm":20.2,
        "temperature_c":27.0,
        "wind_speed_kmh":14.1,
        "humidity_pct":87,
        "remark":"Cerah"
    },
    {
        "weather_id":"W0030",
        "mine_id":"MINE_1",
        "date":"2025-10-31",
        "rainfall_mm":43.0,
        "temperature_c":32.7,
        "wind_speed_kmh":11.4,
        "humidity_pct":61,
        "remark":"Hujan sedang"
    },
    {
        "weather_id":"W0031",
        "mine_id":"MINE_2",
        "date":"2025-10-01",
        "rainfall_mm":16.8,
        "temperature_c":33.3,
        "wind_speed_kmh":16.0,
        "humidity_pct":60,
        "remark":"Cerah"
    },
    {
        "weather_id":"W0032",
        "mine_id":"MINE_2",
        "date":"2025-10-02",
        "rainfall_mm":19.8,
        "temperature_c":29.5,
        "wind_speed_kmh":19.0,
        "humidity_pct":85,
        "remark":"Hujan ringan"
    },
    {
        "weather_id":"W0033",
        "mine_id":"MINE_2",
        "date":"2025-10-03",
        "rainfall_mm":19.0,
        "temperature_c":31.2,
        "wind_speed_kmh":18.9,
        "humidity_pct":88,
        "remark":"Hujan ringan"
    },
    {
        "weather_id":"W0034",
        "mine_id":"MINE_2",
        "date":"2025-10-04",
        "rainfall_mm":18.9,
        "temperature_c":30.6,
        "wind_speed_kmh":11.8,
        "humidity_pct":80,
        "remark":"Hujan sedang"
    },
    {
        "weather_id":"W0035",
        "mine_id":"MINE_2",
        "date":"2025-10-05",
        "rainfall_mm":7.9,
        "temperature_c":36.2,
        "wind_speed_kmh":6.7,
        "humidity_pct":70,
        "remark":"Hujan ringan"
    },
    {
        "weather_id":"W0036",
        "mine_id":"MINE_2",
        "date":"2025-10-06",
        "rainfall_mm":2.6,
        "temperature_c":32.2,
        "wind_speed_kmh":19.8,
        "humidity_pct":70,
        "remark":"Cerah"
    },
    {
        "weather_id":"W0037",
        "mine_id":"MINE_2",
        "date":"2025-10-07",
        "rainfall_mm":21.7,
        "temperature_c":29.7,
        "wind_speed_kmh":17.6,
        "humidity_pct":94,
        "remark":"Hujan ringan"
    },
    {
        "weather_id":"W0038",
        "mine_id":"MINE_2",
        "date":"2025-10-08",
        "rainfall_mm":7.6,
        "temperature_c":28.1,
        "wind_speed_kmh":6.9,
        "humidity_pct":93,
        "remark":"Cerah"
    },
    {
        "weather_id":"W0039",
        "mine_id":"MINE_2",
        "date":"2025-10-09",
        "rainfall_mm":12.7,
        "temperature_c":26.8,
        "wind_speed_kmh":18.8,
        "humidity_pct":83,
        "remark":"Cerah"
    },
    {
        "weather_id":"W0040",
        "mine_id":"MINE_2",
        "date":"2025-10-10",
        "rainfall_mm":24.8,
        "temperature_c":30.4,
        "wind_speed_kmh":18.0,
        "humidity_pct":81,
        "remark":"Hujan ringan"
    },
    {
        "weather_id":"W0041",
        "mine_id":"MINE_2",
        "date":"2025-10-11",
        "rainfall_mm":5.1,
        "temperature_c":28.5,
        "wind_speed_kmh":12.8,
        "humidity_pct":64,
        "remark":"Hujan sedang"
    },
    {
        "weather_id":"W0042",
        "mine_id":"MINE_2",
        "date":"2025-10-12",
        "rainfall_mm":70.4,
        "temperature_c":27.2,
        "wind_speed_kmh":13.9,
        "humidity_pct":92,
        "remark":"Hujan lebat"
    },
    {
        "weather_id":"W0043",
        "mine_id":"MINE_2",
        "date":"2025-10-13",
        "rainfall_mm":53.6,
        "temperature_c":28.7,
        "wind_speed_kmh":11.0,
        "humidity_pct":79,
        "remark":"Hujan ringan"
    },
    {
        "weather_id":"W0044",
        "mine_id":"MINE_2",
        "date":"2025-10-14",
        "rainfall_mm":16.9,
        "temperature_c":27.8,
        "wind_speed_kmh":5.8,
        "humidity_pct":78,
        "remark":"Cerah"
    },
    {
        "weather_id":"W0045",
        "mine_id":"MINE_2",
        "date":"2025-10-15",
        "rainfall_mm":23.1,
        "temperature_c":33.4,
        "wind_speed_kmh":10.0,
        "humidity_pct":94,
        "remark":"Cerah"
    },
    {
        "weather_id":"W0046",
        "mine_id":"MINE_2",
        "date":"2025-10-16",
        "rainfall_mm":11.6,
        "temperature_c":31.8,
        "wind_speed_kmh":17.0,
        "humidity_pct":76,
        "remark":"Hujan ringan"
    },
    {
        "weather_id":"W0047",
        "mine_id":"MINE_2",
        "date":"2025-10-17",
        "rainfall_mm":3.1,
        "temperature_c":30.0,
        "wind_speed_kmh":5.1,
        "humidity_pct":93,
        "remark":"Hujan sedang"
    },
    {
        "weather_id":"W0048",
        "mine_id":"MINE_2",
        "date":"2025-10-18",
        "rainfall_mm":8.6,
        "temperature_c":33.0,
        "wind_speed_kmh":10.0,
        "humidity_pct":68,
        "remark":"Hujan sedang"
    },
    {
        "weather_id":"W0049",
        "mine_id":"MINE_2",
        "date":"2025-10-19",
        "rainfall_mm":48.6,
        "temperature_c":30.2,
        "wind_speed_kmh":11.0,
        "humidity_pct":85,
        "remark":"Cerah"
    },
    {
        "weather_id":"W0050",
        "mine_id":"MINE_2",
        "date":"2025-10-20",
        "rainfall_mm":21.1,
        "temperature_c":28.3,
        "wind_speed_kmh":13.1,
        "humidity_pct":61,
        "remark":"Cerah"
    },
    {
        "weather_id":"W0051",
        "mine_id":"MINE_2",
        "date":"2025-10-21",
        "rainfall_mm":3.3,
        "temperature_c":33.0,
        "wind_speed_kmh":18.8,
        "humidity_pct":68,
        "remark":"Hujan sedang"
    },
    {
        "weather_id":"W0052",
        "mine_id":"MINE_2",
        "date":"2025-10-22",
        "rainfall_mm":22.0,
        "temperature_c":31.1,
        "wind_speed_kmh":10.2,
        "humidity_pct":68,
        "remark":"Hujan lebat"
    },
    {
        "weather_id":"W0053",
        "mine_id":"MINE_2",
        "date":"2025-10-23",
        "rainfall_mm":48.4,
        "temperature_c":27.9,
        "wind_speed_kmh":10.2,
        "humidity_pct":76,
        "remark":"Hujan ringan"
    },
    {
        "weather_id":"W0054",
        "mine_id":"MINE_2",
        "date":"2025-10-24",
        "rainfall_mm":8.9,
        "temperature_c":29.6,
        "wind_speed_kmh":16.1,
        "humidity_pct":60,
        "remark":"Cerah"
    },
    {
        "weather_id":"W0055",
        "mine_id":"MINE_2",
        "date":"2025-10-25",
        "rainfall_mm":5.0,
        "temperature_c":28.2,
        "wind_speed_kmh":11.8,
        "humidity_pct":84,
        "remark":"Cerah"
    },
    {
        "weather_id":"W0056",
        "mine_id":"MINE_2",
        "date":"2025-10-26",
        "rainfall_mm":13.8,
        "temperature_c":27.2,
        "wind_speed_kmh":8.4,
        "humidity_pct":84,
        "remark":"Hujan sedang"
    },
    {
        "weather_id":"W0057",
        "mine_id":"MINE_2",
        "date":"2025-10-27",
        "rainfall_mm":54.4,
        "temperature_c":31.9,
        "wind_speed_kmh":11.8,
        "humidity_pct":94,
        "remark":"Hujan ringan"
    },
    {
        "weather_id":"W0058",
        "mine_id":"MINE_2",
        "date":"2025-10-28",
        "rainfall_mm":4.9,
        "temperature_c":33.8,
        "wind_speed_kmh":7.1,
        "humidity_pct":62,
        "remark":"Hujan sedang"
    },
    {
        "weather_id":"W0059",
        "mine_id":"MINE_2",
        "date":"2025-10-29",
        "rainfall_mm":15.3,
        "temperature_c":27.2,
        "wind_speed_kmh":7.6,
        "humidity_pct":89,
        "remark":"Hujan ringan"
    },
    {
        "weather_id":"W0060",
        "mine_id":"MINE_2",
        "date":"2025-10-30",
        "rainfall_mm":45.6,
        "temperature_c":31.1,
        "wind_speed_kmh":12.5,
        "humidity_pct":93,
        "remark":"Hujan ringan"
    },
    {
        "weather_id":"W0061",
        "mine_id":"MINE_2",
        "date":"2025-10-31",
        "rainfall_mm":40.3,
        "temperature_c":28.7,
        "wind_speed_kmh":11.3,
        "humidity_pct":71,
        "remark":"Hujan ringan"
    },
    {
        "weather_id":"W0062",
        "mine_id":"MINE_3",
        "date":"2025-10-01",
        "rainfall_mm":17.4,
        "temperature_c":29.0,
        "wind_speed_kmh":18.7,
        "humidity_pct":78,
        "remark":"Cerah"
    },
    {
        "weather_id":"W0063",
        "mine_id":"MINE_3",
        "date":"2025-10-02",
        "rainfall_mm":69.1,
        "temperature_c":28.8,
        "wind_speed_kmh":10.4,
        "humidity_pct":76,
        "remark":"Hujan lebat"
    },
    {
        "weather_id":"W0064",
        "mine_id":"MINE_3",
        "date":"2025-10-03",
        "rainfall_mm":14.2,
        "temperature_c":28.3,
        "wind_speed_kmh":13.7,
        "humidity_pct":69,
        "remark":"Hujan sedang"
    },
    {
        "weather_id":"W0065",
        "mine_id":"MINE_3",
        "date":"2025-10-04",
        "rainfall_mm":17.5,
        "temperature_c":30.1,
        "wind_speed_kmh":14.5,
        "humidity_pct":71,
        "remark":"Hujan lebat"
    },
    {
        "weather_id":"W0066",
        "mine_id":"MINE_3",
        "date":"2025-10-05",
        "rainfall_mm":2.2,
        "temperature_c":28.3,
        "wind_speed_kmh":5.2,
        "humidity_pct":75,
        "remark":"Hujan sedang"
    },
    {
        "weather_id":"W0067",
        "mine_id":"MINE_3",
        "date":"2025-10-06",
        "rainfall_mm":39.3,
        "temperature_c":30.5,
        "wind_speed_kmh":15.0,
        "humidity_pct":83,
        "remark":"Hujan ringan"
    },
    {
        "weather_id":"W0068",
        "mine_id":"MINE_3",
        "date":"2025-10-07",
        "rainfall_mm":27.2,
        "temperature_c":29.9,
        "wind_speed_kmh":7.7,
        "humidity_pct":78,
        "remark":"Cerah"
    },
    {
        "weather_id":"W0069",
        "mine_id":"MINE_3",
        "date":"2025-10-08",
        "rainfall_mm":17.6,
        "temperature_c":29.5,
        "wind_speed_kmh":19.4,
        "humidity_pct":67,
        "remark":"Hujan lebat"
    },
    {
        "weather_id":"W0070",
        "mine_id":"MINE_3",
        "date":"2025-10-09",
        "rainfall_mm":11.1,
        "temperature_c":28.2,
        "wind_speed_kmh":7.2,
        "humidity_pct":90,
        "remark":"Cerah"
    },
    {
        "weather_id":"W0071",
        "mine_id":"MINE_3",
        "date":"2025-10-10",
        "rainfall_mm":19.5,
        "temperature_c":28.8,
        "wind_speed_kmh":11.2,
        "humidity_pct":80,
        "remark":"Hujan sedang"
    },
    {
        "weather_id":"W0072",
        "mine_id":"MINE_3",
        "date":"2025-10-11",
        "rainfall_mm":9.9,
        "temperature_c":31.5,
        "wind_speed_kmh":6.3,
        "humidity_pct":76,
        "remark":"Cerah"
    },
    {
        "weather_id":"W0073",
        "mine_id":"MINE_3",
        "date":"2025-10-12",
        "rainfall_mm":12.5,
        "temperature_c":31.0,
        "wind_speed_kmh":20.0,
        "humidity_pct":82,
        "remark":"Cerah"
    },
    {
        "weather_id":"W0074",
        "mine_id":"MINE_3",
        "date":"2025-10-13",
        "rainfall_mm":21.8,
        "temperature_c":28.0,
        "wind_speed_kmh":12.5,
        "humidity_pct":75,
        "remark":"Hujan lebat"
    },
    {
        "weather_id":"W0075",
        "mine_id":"MINE_3",
        "date":"2025-10-14",
        "rainfall_mm":25.4,
        "temperature_c":30.2,
        "wind_speed_kmh":13.9,
        "humidity_pct":65,
        "remark":"Hujan ringan"
    },
    {
        "weather_id":"W0076",
        "mine_id":"MINE_3",
        "date":"2025-10-15",
        "rainfall_mm":24.9,
        "temperature_c":31.5,
        "wind_speed_kmh":6.0,
        "humidity_pct":67,
        "remark":"Cerah"
    },
    {
        "weather_id":"W0077",
        "mine_id":"MINE_3",
        "date":"2025-10-16",
        "rainfall_mm":9.1,
        "temperature_c":26.7,
        "wind_speed_kmh":16.2,
        "humidity_pct":84,
        "remark":"Hujan ringan"
    },
    {
        "weather_id":"W0078",
        "mine_id":"MINE_3",
        "date":"2025-10-17",
        "rainfall_mm":2.6,
        "temperature_c":31.1,
        "wind_speed_kmh":8.1,
        "humidity_pct":77,
        "remark":"Hujan sedang"
    },
    {
        "weather_id":"W0079",
        "mine_id":"MINE_3",
        "date":"2025-10-18",
        "rainfall_mm":5.4,
        "temperature_c":28.7,
        "wind_speed_kmh":18.5,
        "humidity_pct":84,
        "remark":"Cerah"
    },
    {
        "weather_id":"W0080",
        "mine_id":"MINE_3",
        "date":"2025-10-19",
        "rainfall_mm":45.8,
        "temperature_c":31.1,
        "wind_speed_kmh":8.1,
        "humidity_pct":71,
        "remark":"Hujan lebat"
    },
    {
        "weather_id":"W0081",
        "mine_id":"MINE_3",
        "date":"2025-10-20",
        "rainfall_mm":11.6,
        "temperature_c":28.5,
        "wind_speed_kmh":7.9,
        "humidity_pct":74,
        "remark":"Hujan sedang"
    },
    {
        "weather_id":"W0082",
        "mine_id":"MINE_3",
        "date":"2025-10-21",
        "rainfall_mm":16.8,
        "temperature_c":26.4,
        "wind_speed_kmh":5.5,
        "humidity_pct":85,
        "remark":"Hujan sedang"
    },
    {
        "weather_id":"W0083",
        "mine_id":"MINE_3",
        "date":"2025-10-22",
        "rainfall_mm":31.8,
        "temperature_c":26.7,
        "wind_speed_kmh":12.1,
        "humidity_pct":85,
        "remark":"Hujan lebat"
    },
    {
        "weather_id":"W0084",
        "mine_id":"MINE_3",
        "date":"2025-10-23",
        "rainfall_mm":13.8,
        "temperature_c":30.1,
        "wind_speed_kmh":13.5,
        "humidity_pct":91,
        "remark":"Cerah"
    },
    {
        "weather_id":"W0085",
        "mine_id":"MINE_3",
        "date":"2025-10-24",
        "rainfall_mm":30.3,
        "temperature_c":30.5,
        "wind_speed_kmh":6.0,
        "humidity_pct":69,
        "remark":"Cerah"
    },
    {
        "weather_id":"W0086",
        "mine_id":"MINE_3",
        "date":"2025-10-25",
        "rainfall_mm":13.4,
        "temperature_c":28.2,
        "wind_speed_kmh":16.6,
        "humidity_pct":75,
        "remark":"Hujan sedang"
    },
    {
        "weather_id":"W0087",
        "mine_id":"MINE_3",
        "date":"2025-10-26",
        "rainfall_mm":9.9,
        "temperature_c":31.3,
        "wind_speed_kmh":11.8,
        "humidity_pct":66,
        "remark":"Cerah"
    },
    {
        "weather_id":"W0088",
        "mine_id":"MINE_3",
        "date":"2025-10-27",
        "rainfall_mm":55.6,
        "temperature_c":26.7,
        "wind_speed_kmh":12.9,
        "humidity_pct":76,
        "remark":"Hujan ringan"
    },
    {
        "weather_id":"W0089",
        "mine_id":"MINE_3",
        "date":"2025-10-28",
        "rainfall_mm":34.5,
        "temperature_c":29.9,
        "wind_speed_kmh":11.6,
        "humidity_pct":82,
        "remark":"Hujan lebat"
    },
    {
        "weather_id":"W0090",
        "mine_id":"MINE_3",
        "date":"2025-10-29",
        "rainfall_mm":37.6,
        "temperature_c":27.6,
        "wind_speed_kmh":11.0,
        "humidity_pct":85,
        "remark":"Hujan ringan"
    },
    {
        "weather_id":"W0091",
        "mine_id":"MINE_3",
        "date":"2025-10-30",
        "rainfall_mm":5.5,
        "temperature_c":28.7,
        "wind_speed_kmh":13.4,
        "humidity_pct":80,
        "remark":"Cerah"
    },
    {
        "weather_id":"W0092",
        "mine_id":"MINE_3",
        "date":"2025-10-31",
        "rainfall_mm":9.2,
        "temperature_c":30.1,
        "wind_speed_kmh":7.3,
        "humidity_pct":81,
        "remark":"Hujan sedang"
    },
    {
        "weather_id":"W0093",
        "mine_id":"MINE_4",
        "date":"2025-10-01",
        "rainfall_mm":16.6,
        "temperature_c":28.3,
        "wind_speed_kmh":7.7,
        "humidity_pct":66,
        "remark":"Hujan lebat"
    },
    {
        "weather_id":"W0094",
        "mine_id":"MINE_4",
        "date":"2025-10-02",
        "rainfall_mm":13.0,
        "temperature_c":29.2,
        "wind_speed_kmh":17.9,
        "humidity_pct":73,
        "remark":"Cerah"
    },
    {
        "weather_id":"W0095",
        "mine_id":"MINE_4",
        "date":"2025-10-03",
        "rainfall_mm":29.3,
        "temperature_c":32.0,
        "wind_speed_kmh":19.2,
        "humidity_pct":74,
        "remark":"Cerah"
    },
    {
        "weather_id":"W0096",
        "mine_id":"MINE_4",
        "date":"2025-10-04",
        "rainfall_mm":25.9,
        "temperature_c":28.8,
        "wind_speed_kmh":10.6,
        "humidity_pct":66,
        "remark":"Hujan sedang"
    },
    {
        "weather_id":"W0097",
        "mine_id":"MINE_4",
        "date":"2025-10-05",
        "rainfall_mm":41.1,
        "temperature_c":31.7,
        "wind_speed_kmh":9.1,
        "humidity_pct":68,
        "remark":"Hujan sedang"
    },
    {
        "weather_id":"W0098",
        "mine_id":"MINE_4",
        "date":"2025-10-06",
        "rainfall_mm":11.7,
        "temperature_c":27.7,
        "wind_speed_kmh":14.7,
        "humidity_pct":67,
        "remark":"Hujan ringan"
    },
    {
        "weather_id":"W0099",
        "mine_id":"MINE_4",
        "date":"2025-10-07",
        "rainfall_mm":19.4,
        "temperature_c":31.1,
        "wind_speed_kmh":11.1,
        "humidity_pct":82,
        "remark":"Hujan lebat"
    },
    {
        "weather_id":"W0100",
        "mine_id":"MINE_4",
        "date":"2025-10-08",
        "rainfall_mm":36.5,
        "temperature_c":32.9,
        "wind_speed_kmh":5.4,
        "humidity_pct":88,
        "remark":"Hujan lebat"
    },
    {
        "weather_id":"W0101",
        "mine_id":"MINE_4",
        "date":"2025-10-09",
        "rainfall_mm":11.2,
        "temperature_c":25.1,
        "wind_speed_kmh":7.3,
        "humidity_pct":77,
        "remark":"Hujan sedang"
    },
    {
        "weather_id":"W0102",
        "mine_id":"MINE_4",
        "date":"2025-10-10",
        "rainfall_mm":9.5,
        "temperature_c":28.4,
        "wind_speed_kmh":15.7,
        "humidity_pct":90,
        "remark":"Hujan ringan"
    },
    {
        "weather_id":"W0103",
        "mine_id":"MINE_4",
        "date":"2025-10-11",
        "rainfall_mm":41.1,
        "temperature_c":31.2,
        "wind_speed_kmh":14.9,
        "humidity_pct":89,
        "remark":"Hujan lebat"
    },
    {
        "weather_id":"W0104",
        "mine_id":"MINE_4",
        "date":"2025-10-12",
        "rainfall_mm":46.3,
        "temperature_c":29.6,
        "wind_speed_kmh":5.4,
        "humidity_pct":94,
        "remark":"Hujan sedang"
    },
    {
        "weather_id":"W0105",
        "mine_id":"MINE_4",
        "date":"2025-10-13",
        "rainfall_mm":13.1,
        "temperature_c":30.7,
        "wind_speed_kmh":8.3,
        "humidity_pct":77,
        "remark":"Cerah"
    },
    {
        "weather_id":"W0106",
        "mine_id":"MINE_4",
        "date":"2025-10-14",
        "rainfall_mm":16.6,
        "temperature_c":28.8,
        "wind_speed_kmh":8.5,
        "humidity_pct":76,
        "remark":"Hujan lebat"
    },
    {
        "weather_id":"W0107",
        "mine_id":"MINE_4",
        "date":"2025-10-15",
        "rainfall_mm":39.1,
        "temperature_c":30.2,
        "wind_speed_kmh":15.1,
        "humidity_pct":73,
        "remark":"Hujan ringan"
    },
    {
        "weather_id":"W0108",
        "mine_id":"MINE_4",
        "date":"2025-10-16",
        "rainfall_mm":28.7,
        "temperature_c":29.7,
        "wind_speed_kmh":5.3,
        "humidity_pct":90,
        "remark":"Hujan ringan"
    },
    {
        "weather_id":"W0109",
        "mine_id":"MINE_4",
        "date":"2025-10-17",
        "rainfall_mm":4.1,
        "temperature_c":32.3,
        "wind_speed_kmh":6.6,
        "humidity_pct":83,
        "remark":"Hujan ringan"
    },
    {
        "weather_id":"W0110",
        "mine_id":"MINE_4",
        "date":"2025-10-18",
        "rainfall_mm":8.0,
        "temperature_c":30.5,
        "wind_speed_kmh":17.0,
        "humidity_pct":94,
        "remark":"Cerah"
    },
    {
        "weather_id":"W0111",
        "mine_id":"MINE_4",
        "date":"2025-10-19",
        "rainfall_mm":17.6,
        "temperature_c":30.7,
        "wind_speed_kmh":7.7,
        "humidity_pct":93,
        "remark":"Hujan lebat"
    },
    {
        "weather_id":"W0112",
        "mine_id":"MINE_4",
        "date":"2025-10-20",
        "rainfall_mm":32.9,
        "temperature_c":29.2,
        "wind_speed_kmh":14.8,
        "humidity_pct":62,
        "remark":"Hujan lebat"
    },
    {
        "weather_id":"W0113",
        "mine_id":"MINE_4",
        "date":"2025-10-21",
        "rainfall_mm":23.6,
        "temperature_c":29.0,
        "wind_speed_kmh":8.6,
        "humidity_pct":85,
        "remark":"Cerah"
    },
    {
        "weather_id":"W0114",
        "mine_id":"MINE_4",
        "date":"2025-10-22",
        "rainfall_mm":17.4,
        "temperature_c":29.1,
        "wind_speed_kmh":6.5,
        "humidity_pct":82,
        "remark":"Hujan lebat"
    },
    {
        "weather_id":"W0115",
        "mine_id":"MINE_4",
        "date":"2025-10-23",
        "rainfall_mm":11.7,
        "temperature_c":30.8,
        "wind_speed_kmh":8.6,
        "humidity_pct":74,
        "remark":"Cerah"
    },
    {
        "weather_id":"W0116",
        "mine_id":"MINE_4",
        "date":"2025-10-24",
        "rainfall_mm":54.1,
        "temperature_c":29.2,
        "wind_speed_kmh":15.8,
        "humidity_pct":63,
        "remark":"Cerah"
    },
    {
        "weather_id":"W0117",
        "mine_id":"MINE_4",
        "date":"2025-10-25",
        "rainfall_mm":15.3,
        "temperature_c":30.6,
        "wind_speed_kmh":17.8,
        "humidity_pct":88,
        "remark":"Cerah"
    },
    {
        "weather_id":"W0118",
        "mine_id":"MINE_4",
        "date":"2025-10-26",
        "rainfall_mm":32.7,
        "temperature_c":34.2,
        "wind_speed_kmh":17.5,
        "humidity_pct":81,
        "remark":"Hujan ringan"
    },
    {
        "weather_id":"W0119",
        "mine_id":"MINE_4",
        "date":"2025-10-27",
        "rainfall_mm":14.7,
        "temperature_c":31.7,
        "wind_speed_kmh":11.0,
        "humidity_pct":84,
        "remark":"Hujan lebat"
    },
    {
        "weather_id":"W0120",
        "mine_id":"MINE_4",
        "date":"2025-10-28",
        "rainfall_mm":4.6,
        "temperature_c":29.3,
        "wind_speed_kmh":15.0,
        "humidity_pct":72,
        "remark":"Cerah"
    },
    {
        "weather_id":"W0121",
        "mine_id":"MINE_4",
        "date":"2025-10-29",
        "rainfall_mm":2.2,
        "temperature_c":32.4,
        "wind_speed_kmh":8.1,
        "humidity_pct":77,
        "remark":"Hujan lebat"
    },
    {
        "weather_id":"W0122",
        "mine_id":"MINE_4",
        "date":"2025-10-30",
        "rainfall_mm":21.8,
        "temperature_c":29.2,
        "wind_speed_kmh":9.4,
        "humidity_pct":92,
        "remark":"Hujan ringan"
    },
    {
        "weather_id":"W0123",
        "mine_id":"MINE_4",
        "date":"2025-10-31",
        "rainfall_mm":28.2,
        "temperature_c":25.9,
        "wind_speed_kmh":18.4,
        "humidity_pct":75,
        "remark":"Cerah"
    },
    {
        "weather_id":"W0124",
        "mine_id":"MINE_5",
        "date":"2025-10-01",
        "rainfall_mm":43.9,
        "temperature_c":28.0,
        "wind_speed_kmh":5.2,
        "humidity_pct":61,
        "remark":"Hujan sedang"
    },
    {
        "weather_id":"W0125",
        "mine_id":"MINE_5",
        "date":"2025-10-02",
        "rainfall_mm":15.7,
        "temperature_c":26.3,
        "wind_speed_kmh":6.3,
        "humidity_pct":94,
        "remark":"Hujan ringan"
    },
    {
        "weather_id":"W0126",
        "mine_id":"MINE_5",
        "date":"2025-10-03",
        "rainfall_mm":13.3,
        "temperature_c":29.3,
        "wind_speed_kmh":8.1,
        "humidity_pct":93,
        "remark":"Hujan sedang"
    },
    {
        "weather_id":"W0127",
        "mine_id":"MINE_5",
        "date":"2025-10-04",
        "rainfall_mm":20.8,
        "temperature_c":30.0,
        "wind_speed_kmh":5.4,
        "humidity_pct":89,
        "remark":"Hujan lebat"
    },
    {
        "weather_id":"W0128",
        "mine_id":"MINE_5",
        "date":"2025-10-05",
        "rainfall_mm":6.1,
        "temperature_c":33.4,
        "wind_speed_kmh":7.7,
        "humidity_pct":72,
        "remark":"Hujan lebat"
    },
    {
        "weather_id":"W0129",
        "mine_id":"MINE_5",
        "date":"2025-10-06",
        "rainfall_mm":20.5,
        "temperature_c":30.7,
        "wind_speed_kmh":13.7,
        "humidity_pct":72,
        "remark":"Hujan ringan"
    },
    {
        "weather_id":"W0130",
        "mine_id":"MINE_5",
        "date":"2025-10-07",
        "rainfall_mm":20.5,
        "temperature_c":29.6,
        "wind_speed_kmh":11.3,
        "humidity_pct":77,
        "remark":"Hujan lebat"
    },
    {
        "weather_id":"W0131",
        "mine_id":"MINE_5",
        "date":"2025-10-08",
        "rainfall_mm":15.3,
        "temperature_c":31.7,
        "wind_speed_kmh":18.4,
        "humidity_pct":91,
        "remark":"Hujan sedang"
    },
    {
        "weather_id":"W0132",
        "mine_id":"MINE_5",
        "date":"2025-10-09",
        "rainfall_mm":16.0,
        "temperature_c":25.6,
        "wind_speed_kmh":17.3,
        "humidity_pct":91,
        "remark":"Cerah"
    },
    {
        "weather_id":"W0133",
        "mine_id":"MINE_5",
        "date":"2025-10-10",
        "rainfall_mm":44.9,
        "temperature_c":30.5,
        "wind_speed_kmh":10.1,
        "humidity_pct":94,
        "remark":"Cerah"
    },
    {
        "weather_id":"W0134",
        "mine_id":"MINE_5",
        "date":"2025-10-11",
        "rainfall_mm":21.0,
        "temperature_c":31.5,
        "wind_speed_kmh":8.9,
        "humidity_pct":88,
        "remark":"Cerah"
    },
    {
        "weather_id":"W0135",
        "mine_id":"MINE_5",
        "date":"2025-10-12",
        "rainfall_mm":12.9,
        "temperature_c":27.0,
        "wind_speed_kmh":10.7,
        "humidity_pct":88,
        "remark":"Hujan ringan"
    },
    {
        "weather_id":"W0136",
        "mine_id":"MINE_5",
        "date":"2025-10-13",
        "rainfall_mm":4.5,
        "temperature_c":32.3,
        "wind_speed_kmh":13.9,
        "humidity_pct":75,
        "remark":"Hujan lebat"
    },
    {
        "weather_id":"W0137",
        "mine_id":"MINE_5",
        "date":"2025-10-14",
        "rainfall_mm":24.6,
        "temperature_c":30.7,
        "wind_speed_kmh":9.0,
        "humidity_pct":69,
        "remark":"Hujan sedang"
    },
    {
        "weather_id":"W0138",
        "mine_id":"MINE_5",
        "date":"2025-10-15",
        "rainfall_mm":8.1,
        "temperature_c":29.2,
        "wind_speed_kmh":14.4,
        "humidity_pct":89,
        "remark":"Hujan lebat"
    },
    {
        "weather_id":"W0139",
        "mine_id":"MINE_5",
        "date":"2025-10-16",
        "rainfall_mm":13.0,
        "temperature_c":31.3,
        "wind_speed_kmh":11.1,
        "humidity_pct":84,
        "remark":"Hujan lebat"
    },
    {
        "weather_id":"W0140",
        "mine_id":"MINE_5",
        "date":"2025-10-17",
        "rainfall_mm":18.2,
        "temperature_c":34.5,
        "wind_speed_kmh":13.3,
        "humidity_pct":79,
        "remark":"Hujan lebat"
    },
    {
        "weather_id":"W0141",
        "mine_id":"MINE_5",
        "date":"2025-10-18",
        "rainfall_mm":45.8,
        "temperature_c":30.4,
        "wind_speed_kmh":11.5,
        "humidity_pct":64,
        "remark":"Cerah"
    },
    {
        "weather_id":"W0142",
        "mine_id":"MINE_5",
        "date":"2025-10-19",
        "rainfall_mm":33.7,
        "temperature_c":30.5,
        "wind_speed_kmh":9.4,
        "humidity_pct":60,
        "remark":"Hujan sedang"
    },
    {
        "weather_id":"W0143",
        "mine_id":"MINE_5",
        "date":"2025-10-20",
        "rainfall_mm":18.9,
        "temperature_c":29.1,
        "wind_speed_kmh":19.2,
        "humidity_pct":89,
        "remark":"Hujan sedang"
    },
    {
        "weather_id":"W0144",
        "mine_id":"MINE_5",
        "date":"2025-10-21",
        "rainfall_mm":44.2,
        "temperature_c":28.3,
        "wind_speed_kmh":16.5,
        "humidity_pct":62,
        "remark":"Hujan lebat"
    },
    {
        "weather_id":"W0145",
        "mine_id":"MINE_5",
        "date":"2025-10-22",
        "rainfall_mm":30.8,
        "temperature_c":31.7,
        "wind_speed_kmh":7.1,
        "humidity_pct":73,
        "remark":"Cerah"
    },
    {
        "weather_id":"W0146",
        "mine_id":"MINE_5",
        "date":"2025-10-23",
        "rainfall_mm":2.8,
        "temperature_c":28.3,
        "wind_speed_kmh":18.0,
        "humidity_pct":89,
        "remark":"Cerah"
    },
    {
        "weather_id":"W0147",
        "mine_id":"MINE_5",
        "date":"2025-10-24",
        "rainfall_mm":43.1,
        "temperature_c":30.1,
        "wind_speed_kmh":12.3,
        "humidity_pct":63,
        "remark":"Hujan sedang"
    },
    {
        "weather_id":"W0148",
        "mine_id":"MINE_5",
        "date":"2025-10-25",
        "rainfall_mm":19.4,
        "temperature_c":29.0,
        "wind_speed_kmh":18.4,
        "humidity_pct":77,
        "remark":"Cerah"
    },
    {
        "weather_id":"W0149",
        "mine_id":"MINE_5",
        "date":"2025-10-26",
        "rainfall_mm":1.4,
        "temperature_c":31.0,
        "wind_speed_kmh":17.0,
        "humidity_pct":84,
        "remark":"Cerah"
    },
    {
        "weather_id":"W0150",
        "mine_id":"MINE_5",
        "date":"2025-10-27",
        "rainfall_mm":32.8,
        "temperature_c":30.7,
        "wind_speed_kmh":11.4,
        "humidity_pct":60,
        "remark":"Cerah"
    },
    {
        "weather_id":"W0151",
        "mine_id":"MINE_5",
        "date":"2025-10-28",
        "rainfall_mm":21.3,
        "temperature_c":32.1,
        "wind_speed_kmh":5.3,
        "humidity_pct":74,
        "remark":"Hujan ringan"
    },
    {
        "weather_id":"W0152",
        "mine_id":"MINE_5",
        "date":"2025-10-29",
        "rainfall_mm":16.5,
        "temperature_c":29.0,
        "wind_speed_kmh":9.0,
        "humidity_pct":68,
        "remark":"Hujan lebat"
    },
    {
        "weather_id":"W0153",
        "mine_id":"MINE_5",
        "date":"2025-10-30",
        "rainfall_mm":29.2,
        "temperature_c":29.5,
        "wind_speed_kmh":13.1,
        "humidity_pct":74,
        "remark":"Hujan sedang"
    },
    {
        "weather_id":"W0154",
        "mine_id":"MINE_5",
        "date":"2025-10-31",
        "rainfall_mm":16.6,
        "temperature_c":28.0,
        "wind_speed_kmh":14.5,
        "humidity_pct":83,
        "remark":"Hujan sedang"
    }
]