[
    {
        "shipment_id":"SHP0001",
        "mine_id":"MINE_3",
        "week_start":"2025-01-05",
        "vessel_name":"MV Merah Putih",
        "destination_port":"Samarinda",
        "coal_tonnage":27960,
        "etd":"2025-10-01",
        "eta":"2025-10-02",
        "status":"Pending"
    },
    {
        "shipment_id":"SHP0002",
        "mine_id":"MINE_4",
        "week_start":"2025-09-14",
        "vessel_name":"MV Nusantara 01",
        "destination_port":"Surabaya",
        "coal_tonnage":26788,
        "etd":"2025-10-02",
        "eta":"2025-10-03",
        "status":"Pending"
    },
    {
        "shipment_id":"SHP0003",
        "mine_id":"MINE_3",
        "week_start":"2025-02-16",
        "vessel_name":"MV Merah Putih",
        "destination_port":"Banjarmasin",
        "coal_tonnage":38845,
        "etd":"2025-10-03",
        "eta":"2025-10-04",
        "status":"Delayed"
    },
    {
        "shipment_id":"SHP0004",
        "mine_id":"MINE_2",
        "week_start":"2025-03-23",
        "vessel_name":"MV Merah Putih",
        "destination_port":"Samarinda",
        "coal_tonnage":22156,
        "etd":"2025-10-04",
        "eta":"2025-10-05",
        "status":"Pending"
    },
    {
        "shipment_id":"SHP0005",
        "mine_id":"MINE_2",
        "week_start":"2025-10-05",
        "vessel_name":"MV Sinar Kalimantan",
        "destination_port":"Samarinda",
        "coal_tonnage":29265,
        "etd":"2025-10-05",
        "eta":"2025-10-06",
        "status":"On Schedule"
    },
    {
        "shipment_id":"SHP0006",
        "mine_id":"MINE_3",
        "week_start":"2025-01-05",
        "vessel_name":"MV Merah Putih",
        "destination_port":"Makassar",
        "coal_tonnage":23151,
        "etd":"2025-10-06",
        "eta":"2025-10-07",
        "status":"Delayed"
    },
    {
        "shipment_id":"SHP0007",
        "mine_id":"MINE_1",
        "week_start":"2025-05-18",
        "vessel_name":"MV Merah Putih",
        "destination_port":"Surabaya",
        "coal_tonnage":25987,
        "etd":"2025-10-07",
        "eta":"2025-10-08",
        "status":"On Schedule"
    },
    {
        "shipment_id":"SHP0008",
        "mine_id":"MINE_2",
        "week_start":"2025-08-03",
        "vessel_name":"MV Merah Putih",
        "destination_port":"Makassar",
        "coal_tonnage":27560,
        "etd":"2025-10-08",
        "eta":"2025-10-09",
        "status":"Pending"
    },
    {
        "shipment_id":"SHP0009",
        "mine_id":"MINE_5",
        "week_start":"2025-01-26",
        "vessel_name":"MV Merah Putih",
        "destination_port":"Makassar",
        "coal_tonnage":37906,
        "etd":"2025-10-09",
        "eta":"2025-10-10",
        "status":"On Schedule"
    },
    {
        "shipment_id":"SHP0010",
        "mine_id":"MINE_4",
        "week_start":"2025-06-29",
        "vessel_name":"MV Sinar Kalimantan",
        "destination_port":"Makassar",
        "coal_tonnage":17673,
        "etd":"2025-10-10",
        "eta":"2025-10-11",
        "status":"Pending"
    },
    {
        "shipment_id":"SHP0011",
        "mine_id":"MINE_4",
        "week_start":"2025-03-23",
        "vessel_name":"MV Sinar Kalimantan",
        "destination_port":"Samarinda",
        "coal_tonnage":29999,
        "etd":"2025-10-11",
        "eta":"2025-10-12",
        "status":"On Schedule"
    },
    {
        "shipment_id":"SHP0012",
        "mine_id":"MINE_2",
        "week_start":"2025-06-01",
        "vessel_name":"MV Sinar Kalimantan",
        "destination_port":"Banjarmasin",
        "coal_tonnage":32433,
        "etd":"2025-10-12",
        "eta":"2025-10-13",
        "status":"Delayed"
    },
    {
        "shipment_id":"SHP0013",
        "mine_id":"MINE_5",
        "week_start":"2025-01-05",
        "vessel_name":"MV Sinar Kalimantan",
        "destination_port":"Makassar",
        "coal_tonnage":21823,
        "etd":"2025-10-13",
        "eta":"2025-10-14",
        "status":"On Schedule"
    },
    {
        "shipment_id":"SHP0014",
        "mine_id":"MINE_3",
        "week_start":"2025-01-05",
        "vessel_name":"MV Nusantara 01",
        "destination_port":"Banjarmasin",
        "coal_tonnage":33975,
        "etd":"2025-10-14",
        "eta":"2025-10-15",
        "status":"Delayed"
    },
    {
        "shipment_id":"SHP0015",
        "mine_id":"MINE_4",
        "week_start":"2025-01-19",
        "vessel_name":"MV Merah Putih",
        "destination_port":"Samarinda",
        "coal_tonnage":21876,
        "etd":"2025-10-15",
        "eta":"2025-10-16",
        "status":"On Schedule"
    },
    {
        "shipment_id":"SHP0016",
        "mine_id":"MINE_5",
        "week_start":"2025-03-23",
        "vessel_name":"MV Sinar Kalimantan",
        "destination_port":"Makassar",
        "coal_tonnage":35388,
        "etd":"2025-10-16",
        "eta":"2025-10-17",
        "status":"On Schedule"
    },
    {
        "shipment_id":"SHP0017",
        "mine_id":"MINE_5",
        "week_start":"2025-05-25",
        "vessel_name":"MV Merah Putih",
        "destination_port":"Samarinda",
        "coal_tonnage":20973,
        "etd":"2025-10-17",
        "eta":"2025-10-18",
        "status":"Delayed"
    },
    {
        "shipment_id":"SHP0018",
        "mine_id":"MINE_1",
        "week_start":"2025-03-30",
        "vessel_name":"MV Sinar Kalimantan",
        "destination_port":"Makassar",
        "coal_tonnage":23282,
        "etd":"2025-10-18",
        "eta":"2025-10-19",
        "status":"Delayed"
    },
    {
        "shipment_id":"SHP0019",
        "mine_id":"MINE_2",
        "week_start":"2025-03-30",
        "vessel_name":"MV Merah Putih",
        "destination_port":"Makassar",
        "coal_tonnage":23667,
        "etd":"2025-10-19",
        "eta":"2025-10-20",
        "status":"Pending"
    },
    {
        "shipment_id":"SHP0020",
        "mine_id":"MINE_5",
        "week_start":"2025-05-04",
        "vessel_name":"MV Nusantara 01",
        "destination_port":"Samarinda",
        "coal_tonnage":23056,
        "etd":"2025-10-20",
        "eta":"2025-10-21",
        "status":"Delayed"
    },
    {
        "shipment_id":"SHP0021",
        "mine_id":"MINE_3",
        "week_start":"2025-08-17",
        "vessel_name":"MV Sinar Kalimantan",
        "destination_port":"Surabaya",
        "coal_tonnage":17046,
        "etd":"2025-10-21",
        "eta":"2025-10-22",
        "status":"Delayed"
    },
    {
        "shipment_id":"SHP0022",
        "mine_id":"MINE_4",
        "week_start":"2025-02-09",
        "vessel_name":"MV Nusantara 01",
        "destination_port":"Surabaya",
        "coal_tonnage":36691,
        "etd":"2025-10-22",
        "eta":"2025-10-23",
        "status":"Pending"
    },
    {
        "shipment_id":"SHP0023",
        "mine_id":"MINE_1",
        "week_start":"2025-06-22",
        "vessel_name":"MV Nusantara 01",
        "destination_port":"Banjarmasin",
        "coal_tonnage":22736,
        "etd":"2025-10-23",
        "eta":"2025-10-24",
        "status":"Delayed"
    },
    {
        "shipment_id":"SHP0024",
        "mine_id":"MINE_3",
        "week_start":"2025-06-08",
        "vessel_name":"MV Merah Putih",
        "destination_port":"Banjarmasin",
        "coal_tonnage":18690,
        "etd":"2025-10-24",
        "eta":"2025-10-25",
        "status":"Delayed"
    },
    {
        "shipment_id":"SHP0025",
        "mine_id":"MINE_4",
        "week_start":"2025-06-15",
        "vessel_name":"MV Sinar Kalimantan",
        "destination_port":"Samarinda",
        "coal_tonnage":34650,
        "etd":"2025-10-25",
        "eta":"2025-10-26",
        "status":"On Schedule"
    },
    {
        "shipment_id":"SHP0026",
        "mine_id":"MINE_2",
        "week_start":"2025-09-14",
        "vessel_name":"MV Nusantara 01",
        "destination_port":"Samarinda",
        "coal_tonnage":36013,
        "etd":"2025-10-26",
        "eta":"2025-10-27",
        "status":"Pending"
    },
    {
        "shipment_id":"SHP0027",
        "mine_id":"MINE_3",
        "week_start":"2025-06-29",
        "vessel_name":"MV Merah Putih",
        "destination_port":"Samarinda",
        "coal_tonnage":17745,
        "etd":"2025-10-27",
        "eta":"2025-10-28",
        "status":"Pending"
    },
    {
        "shipment_id":"SHP0028",
        "mine_id":"MINE_4",
        "week_start":"2025-01-26",
        "vessel_name":"MV Merah Putih",
        "destination_port":"Surabaya",
        "coal_tonnage":38407,
        "etd":"2025-10-28",
        "eta":"2025-10-29",
        "status":"On Schedule"
    },
    {
        "shipment_id":"SHP0029",
        "mine_id":"MINE_1",
        "week_start":"2025-09-21",
        "vessel_name":"MV Merah Putih",
        "destination_port":"Surabaya",
        "coal_tonnage":39660,
        "etd":"2025-10-29",
        "eta":"2025-10-30",
        "status":"Pending"
    },
    {
        "shipment_id":"SHP0030",
        "mine_id":"MINE_4",
        "week_start":"2025-08-31",
        "vessel_name":"MV Nusantara 01",
        "destination_port":"Makassar",
        "coal_tonnage":17639,
        "etd":"2025-10-30",
        "eta":"2025-10-31",
        "status":"On Schedule"
    },
    {
        "shipment_id":"SHP0031",
        "mine_id":"MINE_5",
        "week_start":"2025-03-16",
        "vessel_name":"MV Merah Putih",
        "destination_port":"Makassar",
        "coal_tonnage":36320,
        "etd":"2025-10-31",
        "eta":"2025-11-01",
        "status":"Delayed"
    },
    {
        "shipment_id":"SHP0032",
        "mine_id":"MINE_1",
        "week_start":"2025-09-07",
        "vessel_name":"MV Merah Putih",
        "destination_port":"Samarinda",
        "coal_tonnage":15076,
        "etd":"2025-11-01",
        "eta":"2025-11-02",
        "status":"Pending"
    },
    {
        "shipment_id":"SHP0033",
        "mine_id":"MINE_3",
        "week_start":"2025-06-22",
        "vessel_name":"MV Merah Putih",
        "destination_port":"Samarinda",
        "coal_tonnage":21473,
        "etd":"2025-11-02",
        "eta":"2025-11-03",
        "status":"Delayed"
    },
    {
        "shipment_id":"SHP0034",
        "mine_id":"MINE_2",
        "week_start":"2025-05-18",
        "vessel_name":"MV Nusantara 01",
        "destination_port":"Banjarmasin",
        "coal_tonnage":25622,
        "etd":"2025-11-03",
        "eta":"2025-11-04",
        "status":"Pending"
    },
    {
        "shipment_id":"SHP0035",
        "mine_id":"MINE_1",
        "week_start":"2025-01-05",
        "vessel_name":"MV Merah Putih",
        "destination_port":"Surabaya",
        "coal_tonnage":34888,
        "etd":"2025-11-04",
        "eta":"2025-11-05",
        "status":"Delayed"
    },
    {
        "shipment_id":"SHP0036",
        "mine_id":"MINE_1",
        "week_start":"2025-07-27",
        "vessel_name":"MV Nusantara 01",
        "destination_port":"Samarinda",
        "coal_tonnage":33808,
        "etd":"2025-11-05",
        "eta":"2025-11-06",
        "status":"Pending"
    },
    {
        "shipment_id":"SHP0037",
        "mine_id":"MINE_1",
        "week_start":"2025-01-26",
        "vessel_name":"MV Merah Putih",
        "destination_port":"Surabaya",
        "coal_tonnage":37868,
        "etd":"2025-11-06",
        "eta":"2025-11-07",
        "status":"Pending"
    },
    {
        "shipment_id":"SHP0038",
        "mine_id":"MINE_4",
        "week_start":"2025-06-08",
        "vessel_name":"MV Nusantara 01",
        "destination_port":"Samarinda",
        "coal_tonnage":20296,
        "etd":"2025-11-07",
        "eta":"2025-11-08",
        "status":"Delayed"
    },
    {
        "shipment_id":"SHP0039",
        "mine_id":"MINE_5",
        "week_start":"2025-08-31",
        "vessel_name":"MV Nusantara 01",
        "destination_port":"Makassar",
        "coal_tonnage":37951,
        "etd":"2025-11-08",
        "eta":"2025-11-09",
        "status":"On Schedule"
    },
    {
        "shipment_id":"SHP0040",
        "mine_id":"MINE_2",
        "week_start":"2025-06-01",
        "vessel_name":"MV Sinar Kalimantan",
        "destination_port":"Samarinda",
        "coal_tonnage":37470,
        "etd":"2025-11-09",
        "eta":"2025-11-10",
        "status":"Pending"
    },
    {
        "shipment_id":"SHP0041",
        "mine_id":"MINE_2",
        "week_start":"2025-08-03",
        "vessel_name":"MV Sinar Kalimantan",
        "destination_port":"Makassar",
        "coal_tonnage":33605,
        "etd":"2025-11-10",
        "eta":"2025-11-11",
        "status":"On Schedule"
    },
    {
        "shipment_id":"SHP0042",
        "mine_id":"MINE_5",
        "week_start":"2025-01-05",
        "vessel_name":"MV Sinar Kalimantan",
        "destination_port":"Banjarmasin",
        "coal_tonnage":15405,
        "etd":"2025-11-11",
        "eta":"2025-11-12",
        "status":"On Schedule"
    },
    {
        "shipment_id":"SHP0043",
        "mine_id":"MINE_4",
        "week_start":"2025-01-26",
        "vessel_name":"MV Nusantara 01",
        "destination_port":"Banjarmasin",
        "coal_tonnage":33513,
        "etd":"2025-11-12",
        "eta":"2025-11-13",
        "status":"On Schedule"
    },
    {
        "shipment_id":"SHP0044",
        "mine_id":"MINE_4",
        "week_start":"2025-05-11",
        "vessel_name":"MV Merah Putih",
        "destination_port":"Banjarmasin",
        "coal_tonnage":27308,
        "etd":"2025-11-13",
        "eta":"2025-11-14",
        "status":"On Schedule"
    },
    {
        "shipment_id":"SHP0045",
        "mine_id":"MINE_5",
        "week_start":"2025-07-27",
        "vessel_name":"MV Merah Putih",
        "destination_port":"Samarinda",
        "coal_tonnage":38218,
        "etd":"2025-11-14",
        "eta":"2025-11-15",
        "status":"On Schedule"
    },
    {
        "shipment_id":"SHP0046",
        "mine_id":"MINE_5",
        "week_start":"2025-01-05",
        "vessel_name":"MV Nusantara 01",
        "destination_port":"Banjarmasin",
        "coal_tonnage":30345,
        "etd":"2025-11-15",
        "eta":"2025-11-16",
        "status":"On Schedule"
    },
    {
        "shipment_id":"SHP0047",
        "mine_id":"MINE_3",
        "week_start":"2025-05-11",
        "vessel_name":"MV Merah Putih",
        "destination_port":"Samarinda",
        "coal_tonnage":15397,
        "etd":"2025-11-16",
        "eta":"2025-11-17",
        "status":"Pending"
    },
    {
        "shipment_id":"SHP0048",
        "mine_id":"MINE_4",
        "week_start":"2025-05-25",
        "vessel_name":"MV Nusantara 01",
        "destination_port":"Surabaya",
        "coal_tonnage":29665,
        "etd":"2025-11-17",
        "eta":"2025-11-18",
        "status":"On Schedule"
    },
    {
        "shipment_id":"SHP0049",
        "mine_id":"MINE_1",
        "week_start":"2025-06-01",
        "vessel_name":"MV Merah Putih",
        "destination_port":"Makassar",
        "coal_tonnage":29560,
        "etd":"2025-11-18",
        "eta":"2025-11-19",
        "status":"Pending"
    },
    {
        "shipment_id":"SHP0050",
        "mine_id":"MINE_2",
        "week_start":"2025-01-12",
        "vessel_name":"MV Nusantara 01",
        "destination_port":"Surabaya",
        "coal_tonnage":34857,
        "etd":"2025-11-19",
        "eta":"2025-11-20",
        "status":"Pending"
    },
    {
        "shipment_id":"SHP0051",
        "mine_id":"MINE_4",
        "week_start":"2025-02-09",
        "vessel_name":"MV Sinar Kalimantan",
        "destination_port":"Samarinda",
        "coal_tonnage":25000,
        "etd":"2025-11-20",
        "eta":"2025-11-21",
        "status":"Pending"
    },
    {
        "shipment_id":"SHP0052",
        "mine_id":"MINE_5",
        "week_start":"2025-05-25",
        "vessel_name":"MV Sinar Kalimantan",
        "destination_port":"Banjarmasin",
        "coal_tonnage":19989,
        "etd":"2025-11-21",
        "eta":"2025-11-22",
        "status":"Delayed"
    },
    {
        "shipment_id":"SHP0053",
        "mine_id":"MINE_1",
        "week_start":"2025-08-17",
        "vessel_name":"MV Merah Putih",
        "destination_port":"Makassar",
        "coal_tonnage":35310,
        "etd":"2025-11-22",
        "eta":"2025-11-23",
        "status":"On Schedule"
    },
    {
        "shipment_id":"SHP0054",
        "mine_id":"MINE_3",
        "week_start":"2025-05-11",
        "vessel_name":"MV Merah Putih",
        "destination_port":"Banjarmasin",
        "coal_tonnage":33328,
        "etd":"2025-11-23",
        "eta":"2025-11-24",
        "status":"Delayed"
    },
    {
        "shipment_id":"SHP0055",
        "mine_id":"MINE_3",
        "week_start":"2025-07-06",
        "vessel_name":"MV Merah Putih",
        "destination_port":"Surabaya",
        "coal_tonnage":23629,
        "etd":"2025-11-24",
        "eta":"2025-11-25",
        "status":"On Schedule"
    },
    {
        "shipment_id":"SHP0056",
        "mine_id":"MINE_1",
        "week_start":"2025-09-14",
        "vessel_name":"MV Merah Putih",
        "destination_port":"Samarinda",
        "coal_tonnage":20391,
        "etd":"2025-11-25",
        "eta":"2025-11-26",
        "status":"Delayed"
    },
    {
        "shipment_id":"SHP0057",
        "mine_id":"MINE_1",
        "week_start":"2025-07-20",
        "vessel_name":"MV Sinar Kalimantan",
        "destination_port":"Makassar",
        "coal_tonnage":36783,
        "etd":"2025-11-26",
        "eta":"2025-11-27",
        "status":"Pending"
    },
    {
        "shipment_id":"SHP0058",
        "mine_id":"MINE_5",
        "week_start":"2025-07-13",
        "vessel_name":"MV Sinar Kalimantan",
        "destination_port":"Makassar",
        "coal_tonnage":15222,
        "etd":"2025-11-27",
        "eta":"2025-11-28",
        "status":"Delayed"
    },
    {
        "shipment_id":"SHP0059",
        "mine_id":"MINE_5",
        "week_start":"2025-08-24",
        "vessel_name":"MV Nusantara 01",
        "destination_port":"Samarinda",
        "coal_tonnage":32994,
        "etd":"2025-11-28",
        "eta":"2025-11-29",
        "status":"Pending"
    },
    {
        "shipment_id":"SHP0060",
        "mine_id":"MINE_2",
        "week_start":"2025-01-05",
        "vessel_name":"MV Merah Putih",
        "destination_port":"Samarinda",
        "coal_tonnage":22830,
        "etd":"2025-11-29",
        "eta":"2025-11-30",
        "status":"Delayed"
    },
    {
        "shipment_id":"SHP0061",
        "mine_id":"MINE_2",
        "week_start":"2025-06-22",
        "vessel_name":"MV Sinar Kalimantan",
        "destination_port":"Makassar",
        "coal_tonnage":31230,
        "etd":"2025-11-30",
        "eta":"2025-12-01",
        "status":"On Schedule"
    },
    {
        "shipment_id":"SHP0062",
        "mine_id":"MINE_3",
        "week_start":"2025-05-25",
        "vessel_name":"MV Nusantara 01",
        "destination_port":"Surabaya",
        "coal_tonnage":35988,
        "etd":"2025-12-01",
        "eta":"2025-12-02",
        "status":"On Schedule"
    },
    {
        "shipment_id":"SHP0063",
        "mine_id":"MINE_1",
        "week_start":"2025-08-24",
        "vessel_name":"MV Nusantara 01",
        "destination_port":"Surabaya",
        "coal_tonnage":19000,
        "etd":"2025-12-02",
        "eta":"2025-12-03",
        "status":"Delayed"
    },
    {
        "shipment_id":"SHP0064",
        "mine_id":"MINE_3",
        "week_start":"2025-06-29",
        "vessel_name":"MV Nusantara 01",
        "destination_port":"Banjarmasin",
        "coal_tonnage":34048,
        "etd":"2025-12-03",
        "eta":"2025-12-04",
        "status":"Delayed"
    },
    {
        "shipment_id":"SHP0065",
        "mine_id":"MINE_5",
        "week_start":"2025-09-07",
        "vessel_name":"MV Sinar Kalimantan",
        "destination_port":"Makassar",
        "coal_tonnage":32449,
        "etd":"2025-12-04",
        "eta":"2025-12-05",
        "status":"On Schedule"
    },
    {
        "shipment_id":"SHP0066",
        "mine_id":"MINE_4",
        "week_start":"2025-08-31",
        "vessel_name":"MV Nusantara 01",
        "destination_port":"Samarinda",
        "coal_tonnage":28487,
        "etd":"2025-12-05",
        "eta":"2025-12-06",
        "status":"Delayed"
    },
    {
        "shipment_id":"SHP0067",
        "mine_id":"MINE_5",
        "week_start":"2025-06-08",
        "vessel_name":"MV Merah Putih",
        "destination_port":"Samarinda",
        "coal_tonnage":36748,
        "etd":"2025-12-06",
        "eta":"2025-12-07",
        "status":"Delayed"
    },
    {
        "shipment_id":"SHP0068",
        "mine_id":"MINE_4",
        "week_start":"2025-04-27",
        "vessel_name":"MV Nusantara 01",
        "destination_port":"Samarinda",
        "coal_tonnage":20393,
        "etd":"2025-12-07",
        "eta":"2025-12-08",
        "status":"On Schedule"
    },
    {
        "shipment_id":"SHP0069",
        "mine_id":"MINE_1",
        "week_start":"2025-03-23",
        "vessel_name":"MV Nusantara 01",
        "destination_port":"Samarinda",
        "coal_tonnage":38486,
        "etd":"2025-12-08",
        "eta":"2025-12-09",
        "status":"Pending"
    },
    {
        "shipment_id":"SHP0070",
        "mine_id":"MINE_1",
        "week_start":"2025-05-18",
        "vessel_name":"MV Sinar Kalimantan",
        "destination_port":"Makassar",
        "coal_tonnage":38885,
        "etd":"2025-12-09",
        "eta":"2025-12-10",
        "status":"On Schedule"
    },
    {
        "shipment_id":"SHP0071",
        "mine_id":"MINE_1",
        "week_start":"2025-09-28",
        "vessel_name":"MV Nusantara 01",
        "destination_port":"Surabaya",
        "coal_tonnage":15603,
        "etd":"2025-12-10",
        "eta":"2025-12-11",
        "status":"On Schedule"
    },
    {
        "shipment_id":"SHP0072",
        "mine_id":"MINE_2",
        "week_start":"2025-07-06",
        "vessel_name":"MV Sinar Kalimantan",
        "destination_port":"Banjarmasin",
        "coal_tonnage":36514,
        "etd":"2025-12-11",
        "eta":"2025-12-12",
        "status":"Delayed"
    },
    {
        "shipment_id":"SHP0073",
        "mine_id":"MINE_2",
        "week_start":"2025-09-14",
        "vessel_name":"MV Sinar Kalimantan",
        "destination_port":"Surabaya",
        "coal_tonnage":21295,
        "etd":"2025-12-12",
        "eta":"2025-12-13",
        "status":"On Schedule"
    },
    {
        "shipment_id":"SHP0074",
        "mine_id":"MINE_4",
        "week_start":"2025-05-18",
        "vessel_name":"MV Merah Putih",
        "destination_port":"Banjarmasin",
        "coal_tonnage":23380,
        "etd":"2025-12-13",
        "eta":"2025-12-14",
        "status":"On Schedule"
    },
    {
        "shipment_id":"SHP0075",
        "mine_id":"MINE_3",
        "week_start":"2025-03-16",
        "vessel_name":"MV Nusantara 01",
        "destination_port":"Samarinda",
        "coal_tonnage":22103,
        "etd":"2025-12-14",
        "eta":"2025-12-15",
        "status":"Delayed"
    },
    {
        "shipment_id":"SHP0076",
        "mine_id":"MINE_3",
        "week_start":"2025-07-13",
        "vessel_name":"MV Merah Putih",
        "destination_port":"Samarinda",
        "coal_tonnage":32021,
        "etd":"2025-12-15",
        "eta":"2025-12-16",
        "status":"Delayed"
    },
    {
        "shipment_id":"SHP0077",
        "mine_id":"MINE_4",
        "week_start":"2025-01-12",
        "vessel_name":"MV Merah Putih",
        "destination_port":"Makassar",
        "coal_tonnage":29546,
        "etd":"2025-12-16",
        "eta":"2025-12-17",
        "status":"Pending"
    },
    {
        "shipment_id":"SHP0078",
        "mine_id":"MINE_2",
        "week_start":"2025-06-15",
        "vessel_name":"MV Nusantara 01",
        "destination_port":"Samarinda",
        "coal_tonnage":30456,
        "etd":"2025-12-17",
        "eta":"2025-12-18",
        "status":"On Schedule"
    },
    {
        "shipment_id":"SHP0079",
        "mine_id":"MINE_5",
        "week_start":"2025-04-20",
        "vessel_name":"MV Nusantara 01",
        "destination_port":"Makassar",
        "coal_tonnage":33228,
        "etd":"2025-12-18",
        "eta":"2025-12-19",
        "status":"Pending"
    },
    {
        "shipment_id":"SHP0080",
        "mine_id":"MINE_4",
        "week_start":"2025-03-23",
        "vessel_name":"MV Sinar Kalimantan",
        "destination_port":"Makassar",
        "coal_tonnage":29674,
        "etd":"2025-12-19",
        "eta":"2025-12-20",
        "status":"Pending"
    },
    {
        "shipment_id":"SHP0081",
        "mine_id":"MINE_3",
        "week_start":"2025-04-20",
        "vessel_name":"MV Nusantara 01",
        "destination_port":"Makassar",
        "coal_tonnage":15046,
        "etd":"2025-12-20",
        "eta":"2025-12-21",
        "status":"Pending"
    },
    {
        "shipment_id":"SHP0082",
        "mine_id":"MINE_4",
        "week_start":"2025-09-07",
        "vessel_name":"MV Sinar Kalimantan",
        "destination_port":"Samarinda",
        "coal_tonnage":15819,
        "etd":"2025-12-21",
        "eta":"2025-12-22",
        "status":"Pending"
    },
    {
        "shipment_id":"SHP0083",
        "mine_id":"MINE_4",
        "week_start":"2025-01-12",
        "vessel_name":"MV Merah Putih",
        "destination_port":"Samarinda",
        "coal_tonnage":18807,
        "etd":"2025-12-22",
        "eta":"2025-12-23",
        "status":"On Schedule"
    },
    {
        "shipment_id":"SHP0084",
        "mine_id":"MINE_1",
        "week_start":"2025-06-22",
        "vessel_name":"MV Merah Putih",
        "destination_port":"Surabaya",
        "coal_tonnage":34406,
        "etd":"2025-12-23",
        "eta":"2025-12-24",
        "status":"On Schedule"
    },
    {
        "shipment_id":"SHP0085",
        "mine_id":"MINE_2",
        "week_start":"2025-07-20",
        "vessel_name":"MV Sinar Kalimantan",
        "destination_port":"Banjarmasin",
        "coal_tonnage":16080,
        "etd":"2025-12-24",
        "eta":"2025-12-25",
        "status":"On Schedule"
    },
    {
        "shipment_id":"SHP0086",
        "mine_id":"MINE_1",
        "week_start":"2025-07-13",
        "vessel_name":"MV Nusantara 01",
        "destination_port":"Surabaya",
        "coal_tonnage":18146,
        "etd":"2025-12-25",
        "eta":"2025-12-26",
        "status":"Pending"
    },
    {
        "shipment_id":"SHP0087",
        "mine_id":"MINE_2",
        "week_start":"2025-03-09",
        "vessel_name":"MV Nusantara 01",
        "destination_port":"Samarinda",
        "coal_tonnage":32661,
        "etd":"2025-12-26",
        "eta":"2025-12-27",
        "status":"Delayed"
    },
    {
        "shipment_id":"SHP0088",
        "mine_id":"MINE_4",
        "week_start":"2025-06-08",
        "vessel_name":"MV Sinar Kalimantan",
        "destination_port":"Banjarmasin",
        "coal_tonnage":26926,
        "etd":"2025-12-27",
        "eta":"2025-12-28",
        "status":"On Schedule"
    },
    {
        "shipment_id":"SHP0089",
        "mine_id":"MINE_2",
        "week_start":"2025-08-10",
        "vessel_name":"MV Merah Putih",
        "destination_port":"Makassar",
        "coal_tonnage":30930,
        "etd":"2025-12-28",
        "eta":"2025-12-29",
        "status":"Pending"
    },
    {
        "shipment_id":"SHP0090",
        "mine_id":"MINE_3",
        "week_start":"2025-08-03",
        "vessel_name":"MV Sinar Kalimantan",
        "destination_port":"Banjarmasin",
        "coal_tonnage":30172,
        "etd":"2025-12-29",
        "eta":"2025-12-30",
        "status":"Pending"
    },
    {
        "shipment_id":"SHP0091",
        "mine_id":"MINE_1",
        "week_start":"2025-05-11",
        "vessel_name":"MV Nusantara 01",
        "destination_port":"Makassar",
        "coal_tonnage":30287,
        "etd":"2025-12-30",
        "eta":"2025-12-31",
        "status":"Pending"
    },
    {
        "shipment_id":"SHP0092",
        "mine_id":"MINE_4",
        "week_start":"2025-04-13",
        "vessel_name":"MV Nusantara 01",
        "destination_port":"Samarinda",
        "coal_tonnage":21741,
        "etd":"2025-12-31",
        "eta":"2026-01-01",
        "status":"Pending"
    },
    {
        "shipment_id":"SHP0093",
        "mine_id":"MINE_3",
        "week_start":"2025-08-17",
        "vessel_name":"MV Sinar Kalimantan",
        "destination_port":"Banjarmasin",
        "coal_tonnage":17217,
        "etd":"2026-01-01",
        "eta":"2026-01-02",
        "status":"Pending"
    },
    {
        "shipment_id":"SHP0094",
        "mine_id":"MINE_2",
        "week_start":"2025-04-27",
        "vessel_name":"MV Nusantara 01",
        "destination_port":"Makassar",
        "coal_tonnage":36649,
        "etd":"2026-01-02",
        "eta":"2026-01-03",
        "status":"Pending"
    },
    {
        "shipment_id":"SHP0095",
        "mine_id":"MINE_2",
        "week_start":"2025-09-07",
        "vessel_name":"MV Merah Putih",
        "destination_port":"Surabaya",
        "coal_tonnage":17886,
        "etd":"2026-01-03",
        "eta":"2026-01-04",
        "status":"On Schedule"
    },
    {
        "shipment_id":"SHP0096",
        "mine_id":"MINE_3",
        "week_start":"2025-05-18",
        "vessel_name":"MV Sinar Kalimantan",
        "destination_port":"Surabaya",
        "coal_tonnage":28344,
        "etd":"2026-01-04",
        "eta":"2026-01-05",
        "status":"Delayed"
    },
    {
        "shipment_id":"SHP0097",
        "mine_id":"MINE_2",
        "week_start":"2025-03-02",
        "vessel_name":"MV Merah Putih",
        "destination_port":"Makassar",
        "coal_tonnage":37018,
        "etd":"2026-01-05",
        "eta":"2026-01-06",
        "status":"On Schedule"
    },
    {
        "shipment_id":"SHP0098",
        "mine_id":"MINE_1",
        "week_start":"2025-09-21",
        "vessel_name":"MV Merah Putih",
        "destination_port":"Surabaya",
        "coal_tonnage":23987,
        "etd":"2026-01-06",
        "eta":"2026-01-07",
        "status":"On Schedule"
    },
    {
        "shipment_id":"SHP0099",
        "mine_id":"MINE_5",
        "week_start":"2025-01-19",
        "vessel_name":"MV Sinar Kalimantan",
        "destination_port":"Surabaya",
        "coal_tonnage":34712,
        "etd":"2026-01-07",
        "eta":"2026-01-08",
        "status":"Pending"
    },
    {
        "shipment_id":"SHP0100",
        "mine_id":"MINE_2",
        "week_start":"2025-01-12",
        "vessel_name":"MV Sinar Kalimantan",
        "destination_port":"Banjarmasin",
        "coal_tonnage":22293,
        "etd":"2026-01-08",
        "eta":"2026-01-09",
        "status":"On Schedule"
    },
    {
        "shipment_id":"SHP0101",
        "mine_id":"MINE_4",
        "week_start":"2025-05-04",
        "vessel_name":"MV Nusantara 01",
        "destination_port":"Surabaya",
        "coal_tonnage":18006,
        "etd":"2026-01-09",
        "eta":"2026-01-10",
        "status":"Delayed"
    },
    {
        "shipment_id":"SHP0102",
        "mine_id":"MINE_2",
        "week_start":"2025-06-08",
        "vessel_name":"MV Nusantara 01",
        "destination_port":"Banjarmasin",
        "coal_tonnage":21958,
        "etd":"2026-01-10",
        "eta":"2026-01-11",
        "status":"Delayed"
    },
    {
        "shipment_id":"SHP0103",
        "mine_id":"MINE_4",
        "week_start":"2025-05-11",
        "vessel_name":"MV Sinar Kalimantan",
        "destination_port":"Samarinda",
        "coal_tonnage":39356,
        "etd":"2026-01-11",
        "eta":"2026-01-12",
        "status":"Pending"
    },
    {
        "shipment_id":"SHP0104",
        "mine_id":"MINE_2",
        "week_start":"2025-02-16",
        "vessel_name":"MV Sinar Kalimantan",
        "destination_port":"Surabaya",
        "coal_tonnage":25581,
        "etd":"2026-01-12",
        "eta":"2026-01-13",
        "status":"Delayed"
    },
    {
        "shipment_id":"SHP0105",
        "mine_id":"MINE_2",
        "week_start":"2025-08-31",
        "vessel_name":"MV Nusantara 01",
        "destination_port":"Samarinda",
        "coal_tonnage":19143,
        "etd":"2026-01-13",
        "eta":"2026-01-14",
        "status":"Pending"
    },
    {
        "shipment_id":"SHP0106",
        "mine_id":"MINE_4",
        "week_start":"2025-05-18",
        "vessel_name":"MV Nusantara 01",
        "destination_port":"Surabaya",
        "coal_tonnage":29699,
        "etd":"2026-01-14",
        "eta":"2026-01-15",
        "status":"Delayed"
    },
    {
        "shipment_id":"SHP0107",
        "mine_id":"MINE_1",
        "week_start":"2025-05-18",
        "vessel_name":"MV Nusantara 01",
        "destination_port":"Makassar",
        "coal_tonnage":36901,
        "etd":"2026-01-15",
        "eta":"2026-01-16",
        "status":"Delayed"
    },
    {
        "shipment_id":"SHP0108",
        "mine_id":"MINE_5",
        "week_start":"2025-05-11",
        "vessel_name":"MV Sinar Kalimantan",
        "destination_port":"Makassar",
        "coal_tonnage":32602,
        "etd":"2026-01-16",
        "eta":"2026-01-17",
        "status":"On Schedule"
    },
    {
        "shipment_id":"SHP0109",
        "mine_id":"MINE_5",
        "week_start":"2025-04-20",
        "vessel_name":"MV Sinar Kalimantan",
        "destination_port":"Samarinda",
        "coal_tonnage":23018,
        "etd":"2026-01-17",
        "eta":"2026-01-18",
        "status":"Delayed"
    },
    {
        "shipment_id":"SHP0110",
        "mine_id":"MINE_1",
        "week_start":"2025-09-21",
        "vessel_name":"MV Nusantara 01",
        "destination_port":"Samarinda",
        "coal_tonnage":24952,
        "etd":"2026-01-18",
        "eta":"2026-01-19",
        "status":"Pending"
    },
    {
        "shipment_id":"SHP0111",
        "mine_id":"MINE_2",
        "week_start":"2025-05-25",
        "vessel_name":"MV Merah Putih",
        "destination_port":"Samarinda",
        "coal_tonnage":23916,
        "etd":"2026-01-19",
        "eta":"2026-01-20",
        "status":"Delayed"
    },
    {
        "shipment_id":"SHP0112",
        "mine_id":"MINE_5",
        "week_start":"2025-07-20",
        "vessel_name":"MV Merah Putih",
        "destination_port":"Makassar",
        "coal_tonnage":32728,
        "etd":"2026-01-20",
        "eta":"2026-01-21",
        "status":"Delayed"
    },
    {
        "shipment_id":"SHP0113",
        "mine_id":"MINE_1",
        "week_start":"2025-09-21",
        "vessel_name":"MV Nusantara 01",
        "destination_port":"Samarinda",
        "coal_tonnage":15137,
        "etd":"2026-01-21",
        "eta":"2026-01-22",
        "status":"On Schedule"
    },
    {
        "shipment_id":"SHP0114",
        "mine_id":"MINE_1",
        "week_start":"2025-06-15",
        "vessel_name":"MV Sinar Kalimantan",
        "destination_port":"Makassar",
        "coal_tonnage":35834,
        "etd":"2026-01-22",
        "eta":"2026-01-23",
        "status":"Pending"
    },
    {
        "shipment_id":"SHP0115",
        "mine_id":"MINE_5",
        "week_start":"2025-09-14",
        "vessel_name":"MV Sinar Kalimantan",
        "destination_port":"Samarinda",
        "coal_tonnage":29156,
        "etd":"2026-01-23",
        "eta":"2026-01-24",
        "status":"Pending"
    },
    {
        "shipment_id":"SHP0116",
        "mine_id":"MINE_4",
        "week_start":"2025-07-20",
        "vessel_name":"MV Merah Putih",
        "destination_port":"Banjarmasin",
        "coal_tonnage":28381,
        "etd":"2026-01-24",
        "eta":"2026-01-25",
        "status":"Pending"
    },
    {
        "shipment_id":"SHP0117",
        "mine_id":"MINE_3",
        "week_start":"2025-08-03",
        "vessel_name":"MV Nusantara 01",
        "destination_port":"Banjarmasin",
        "coal_tonnage":36290,
        "etd":"2026-01-25",
        "eta":"2026-01-26",
        "status":"On Schedule"
    },
    {
        "shipment_id":"SHP0118",
        "mine_id":"MINE_4",
        "week_start":"2025-09-28",
        "vessel_name":"MV Merah Putih",
        "destination_port":"Surabaya",
        "coal_tonnage":28893,
        "etd":"2026-01-26",
        "eta":"2026-01-27",
        "status":"Delayed"
    },
    {
        "shipment_id":"SHP0119",
        "mine_id":"MINE_2",
        "week_start":"2025-03-23",
        "vessel_name":"MV Merah Putih",
        "destination_port":"Banjarmasin",
        "coal_tonnage":31360,
        "etd":"2026-01-27",
        "eta":"2026-01-28",
        "status":"Pending"
    },
    {
        "shipment_id":"SHP0120",
        "mine_id":"MINE_4",
        "week_start":"2025-07-27",
        "vessel_name":"MV Nusantara 01",
        "destination_port":"Samarinda",
        "coal_tonnage":34143,
        "etd":"2026-01-28",
        "eta":"2026-01-29",
        "status":"Delayed"
    },
    {
        "shipment_id":"SHP0121",
        "mine_id":"MINE_3",
        "week_start":"2025-01-26",
        "vessel_name":"MV Merah Putih",
        "destination_port":"Banjarmasin",
        "coal_tonnage":15058,
        "etd":"2026-01-29",
        "eta":"2026-01-30",
        "status":"Delayed"
    },
    {
        "shipment_id":"SHP0122",
        "mine_id":"MINE_3",
        "week_start":"2025-07-27",
        "vessel_name":"MV Sinar Kalimantan",
        "destination_port":"Banjarmasin",
        "coal_tonnage":32154,
        "etd":"2026-01-30",
        "eta":"2026-01-31",
        "status":"Delayed"
    },
    {
        "shipment_id":"SHP0123",
        "mine_id":"MINE_1",
        "week_start":"2025-02-02",
        "vessel_name":"MV Merah Putih",
        "destination_port":"Samarinda",
        "coal_tonnage":15388,
        "etd":"2026-01-31",
        "eta":"2026-02-01",
        "status":"On Schedule"
    },
    {
        "shipment_id":"SHP0124",
        "mine_id":"MINE_2",
        "week_start":"2025-04-20",
        "vessel_name":"MV Nusantara 01",
        "destination_port":"Banjarmasin",
        "coal_tonnage":27116,
        "etd":"2026-02-01",
        "eta":"2026-02-02",
        "status":"Delayed"
    },
    {
        "shipment_id":"SHP0125",
        "mine_id":"MINE_1",
        "week_start":"2025-07-06",
        "vessel_name":"MV Sinar Kalimantan",
        "destination_port":"Samarinda",
        "coal_tonnage":34806,
        "etd":"2026-02-02",
        "eta":"2026-02-03",
        "status":"On Schedule"
    },
    {
        "shipment_id":"SHP0126",
        "mine_id":"MINE_4",
        "week_start":"2025-01-26",
        "vessel_name":"MV Sinar Kalimantan",
        "destination_port":"Banjarmasin",
        "coal_tonnage":22012,
        "etd":"2026-02-03",
        "eta":"2026-02-04",
        "status":"On Schedule"
    },
    {
        "shipment_id":"SHP0127",
        "mine_id":"MINE_4",
        "week_start":"2025-02-23",
        "vessel_name":"MV Merah Putih",
        "destination_port":"Samarinda",
        "coal_tonnage":27626,
        "etd":"2026-02-04",
        "eta":"2026-02-05",
        "status":"On Schedule"
    },
    {
        "shipment_id":"SHP0128",
        "mine_id":"MINE_5",
        "week_start":"2025-02-23",
        "vessel_name":"MV Sinar Kalimantan",
        "destination_port":"Makassar",
        "coal_tonnage":19852,
        "etd":"2026-02-05",
        "eta":"2026-02-06",
        "status":"Pending"
    },
    {
        "shipment_id":"SHP0129",
        "mine_id":"MINE_1",
        "week_start":"2025-04-27",
        "vessel_name":"MV Nusantara 01",
        "destination_port":"Makassar",
        "coal_tonnage":31979,
        "etd":"2026-02-06",
        "eta":"2026-02-07",
        "status":"On Schedule"
    },
    {
        "shipment_id":"SHP0130",
        "mine_id":"MINE_1",
        "week_start":"2025-01-19",
        "vessel_name":"MV Merah Putih",
        "destination_port":"Surabaya",
        "coal_tonnage":23627,
        "etd":"2026-02-07",
        "eta":"2026-02-08",
        "status":"Pending"
    },
    {
        "shipment_id":"SHP0131",
        "mine_id":"MINE_1",
        "week_start":"2025-07-06",
        "vessel_name":"MV Sinar Kalimantan",
        "destination_port":"Banjarmasin",
        "coal_tonnage":16982,
        "etd":"2026-02-08",
        "eta":"2026-02-09",
        "status":"On Schedule"
    },
    {
        "shipment_id":"SHP0132",
        "mine_id":"MINE_1",
        "week_start":"2025-08-24",
        "vessel_name":"MV Nusantara 01",
        "destination_port":"Surabaya",
        "coal_tonnage":29816,
        "etd":"2026-02-09",
        "eta":"2026-02-10",
        "status":"On Schedule"
    },
    {
        "shipment_id":"SHP0133",
        "mine_id":"MINE_3",
        "week_start":"2025-05-25",
        "vessel_name":"MV Merah Putih",
        "destination_port":"Samarinda",
        "coal_tonnage":26060,
        "etd":"2026-02-10",
        "eta":"2026-02-11",
        "status":"On Schedule"
    },
    {
        "shipment_id":"SHP0134",
        "mine_id":"MINE_5",
        "week_start":"2025-06-15",
        "vessel_name":"MV Nusantara 01",
        "destination_port":"Makassar",
        "coal_tonnage":27401,
        "etd":"2026-02-11",
        "eta":"2026-02-12",
        "status":"On Schedule"
    },
    {
        "shipment_id":"SHP0135",
        "mine_id":"MINE_2",
        "week_start":"2025-07-20",
        "vessel_name":"MV Sinar Kalimantan",
        "destination_port":"Samarinda",
        "coal_tonnage":25411,
        "etd":"2026-02-12",
        "eta":"2026-02-13",
        "status":"Delayed"
    },
    {
        "shipment_id":"SHP0136",
        "mine_id":"MINE_2",
        "week_start":"2025-09-28",
        "vessel_name":"MV Merah Putih",
        "destination_port":"Surabaya",
        "coal_tonnage":23209,
        "etd":"2026-02-13",
        "eta":"2026-02-14",
        "status":"Delayed"
    },
    {
        "shipment_id":"SHP0137",
        "mine_id":"MINE_2",
        "week_start":"2025-02-09",
        "vessel_name":"MV Merah Putih",
        "destination_port":"Samarinda",
        "coal_tonnage":35714,
        "etd":"2026-02-14",
        "eta":"2026-02-15",
        "status":"On Schedule"
    },
    {
        "shipment_id":"SHP0138",
        "mine_id":"MINE_3",
        "week_start":"2025-04-06",
        "vessel_name":"MV Sinar Kalimantan",
        "destination_port":"Samarinda",
        "coal_tonnage":20429,
        "etd":"2026-02-15",
        "eta":"2026-02-16",
        "status":"Delayed"
    },
    {
        "shipment_id":"SHP0139",
        "mine_id":"MINE_5",
        "week_start":"2025-04-06",
        "vessel_name":"MV Nusantara 01",
        "destination_port":"Samarinda",
        "coal_tonnage":27158,
        "etd":"2026-02-16",
        "eta":"2026-02-17",
        "status":"Pending"
    },
    {
        "shipment_id":"SHP0140",
        "mine_id":"MINE_5",
        "week_start":"2025-09-14",
        "vessel_name":"MV Sinar Kalimantan",
        "destination_port":"Samarinda",
        "coal_tonnage":33076,
        "etd":"2026-02-17",
        "eta":"2026-02-18",
        "status":"Delayed"
    },
    {
        "shipment_id":"SHP0141",
        "mine_id":"MINE_3",
        "week_start":"2025-06-15",
        "vessel_name":"MV Merah Putih",
        "destination_port":"Makassar",
        "coal_tonnage":34154,
        "etd":"2026-02-18",
        "eta":"2026-02-19",
        "status":"Delayed"
    },
    {
        "shipment_id":"SHP0142",
        "mine_id":"MINE_1",
        "week_start":"2025-03-30",
        "vessel_name":"MV Merah Putih",
        "destination_port":"Samarinda",
        "coal_tonnage":19376,
        "etd":"2026-02-19",
        "eta":"2026-02-20",
        "status":"Delayed"
    },
    {
        "shipment_id":"SHP0143",
        "mine_id":"MINE_4",
        "week_start":"2025-01-05",
        "vessel_name":"MV Sinar Kalimantan",
        "destination_port":"Samarinda",
        "coal_tonnage":36310,
        "etd":"2026-02-20",
        "eta":"2026-02-21",
        "status":"On Schedule"
    },
    {
        "shipment_id":"SHP0144",
        "mine_id":"MINE_1",
        "week_start":"2025-03-23",
        "vessel_name":"MV Nusantara 01",
        "destination_port":"Makassar",
        "coal_tonnage":34651,
        "etd":"2026-02-21",
        "eta":"2026-02-22",
        "status":"Pending"
    },
    {
        "shipment_id":"SHP0145",
        "mine_id":"MINE_2",
        "week_start":"2025-06-15",
        "vessel_name":"MV Sinar Kalimantan",
        "destination_port":"Samarinda",
        "coal_tonnage":38948,
        "etd":"2026-02-22",
        "eta":"2026-02-23",
        "status":"On Schedule"
    },
    {
        "shipment_id":"SHP0146",
        "mine_id":"MINE_1",
        "week_start":"2025-09-14",
        "vessel_name":"MV Nusantara 01",
        "destination_port":"Samarinda",
        "coal_tonnage":33079,
        "etd":"2026-02-23",
        "eta":"2026-02-24",
        "status":"Pending"
    },
    {
        "shipment_id":"SHP0147",
        "mine_id":"MINE_3",
        "week_start":"2025-05-18",
        "vessel_name":"MV Nusantara 01",
        "destination_port":"Surabaya",
        "coal_tonnage":28978,
        "etd":"2026-02-24",
        "eta":"2026-02-25",
        "status":"On Schedule"
    },
    {
        "shipment_id":"SHP0148",
        "mine_id":"MINE_2",
        "week_start":"2025-02-09",
        "vessel_name":"MV Merah Putih",
        "destination_port":"Makassar",
        "coal_tonnage":32970,
        "etd":"2026-02-25",
        "eta":"2026-02-26",
        "status":"Delayed"
    },
    {
        "shipment_id":"SHP0149",
        "mine_id":"MINE_4",
        "week_start":"2025-03-23",
        "vessel_name":"MV Nusantara 01",
        "destination_port":"Banjarmasin",
        "coal_tonnage":27705,
        "etd":"2026-02-26",
        "eta":"2026-02-27",
        "status":"Pending"
    },
    {
        "shipment_id":"SHP0150",
        "mine_id":"MINE_2",
        "week_start":"2025-05-25",
        "vessel_name":"MV Merah Putih",
        "destination_port":"Samarinda",
        "coal_tonnage":36064,
        "etd":"2026-02-27",
        "eta":"2026-02-28",
        "status":"Delayed"
    },
    {
        "shipment_id":"SHP0151",
        "mine_id":"MINE_1",
        "week_start":"2025-01-19",
        "vessel_name":"MV Nusantara 01",
        "destination_port":"Surabaya",
        "coal_tonnage":36831,
        "etd":"2026-02-28",
        "eta":"2026-03-01",
        "status":"Pending"
    },
    {
        "shipment_id":"SHP0152",
        "mine_id":"MINE_5",
        "week_start":"2025-07-06",
        "vessel_name":"MV Nusantara 01",
        "destination_port":"Makassar",
        "coal_tonnage":36844,
        "etd":"2026-03-01",
        "eta":"2026-03-02",
        "status":"Pending"
    },
    {
        "shipment_id":"SHP0153",
        "mine_id":"MINE_5",
        "week_start":"2025-09-07",
        "vessel_name":"MV Merah Putih",
        "destination_port":"Samarinda",
        "coal_tonnage":25861,
        "etd":"2026-03-02",
        "eta":"2026-03-03",
        "status":"On Schedule"
    },
    {
        "shipment_id":"SHP0154",
        "mine_id":"MINE_5",
        "week_start":"2025-04-27",
        "vessel_name":"MV Nusantara 01",
        "destination_port":"Banjarmasin",
        "coal_tonnage":22965,
        "etd":"2026-03-03",
        "eta":"2026-03-04",
        "status":"On Schedule"
    },
    {
        "shipment_id":"SHP0155",
        "mine_id":"MINE_2",
        "week_start":"2025-04-13",
        "vessel_name":"MV Sinar Kalimantan",
        "destination_port":"Samarinda",
        "coal_tonnage":33652,
        "etd":"2026-03-04",
        "eta":"2026-03-05",
        "status":"Delayed"
    },
    {
        "shipment_id":"SHP0156",
        "mine_id":"MINE_5",
        "week_start":"2025-09-28",
        "vessel_name":"MV Nusantara 01",
        "destination_port":"Surabaya",
        "coal_tonnage":25248,
        "etd":"2026-03-05",
        "eta":"2026-03-06",
        "status":"Delayed"
    },
    {
        "shipment_id":"SHP0157",
        "mine_id":"MINE_3",
        "week_start":"2025-01-26",
        "vessel_name":"MV Merah Putih",
        "destination_port":"Makassar",
        "coal_tonnage":29220,
        "etd":"2026-03-06",
        "eta":"2026-03-07",
        "status":"Pending"
    },
    {
        "shipment_id":"SHP0158",
        "mine_id":"MINE_4",
        "week_start":"2025-04-27",
        "vessel_name":"MV Merah Putih",
        "destination_port":"Surabaya",
        "coal_tonnage":38633,
        "etd":"2026-03-07",
        "eta":"2026-03-08",
        "status":"Pending"
    },
    {
        "shipment_id":"SHP0159",
        "mine_id":"MINE_5",
        "week_start":"2025-09-21",
        "vessel_name":"MV Sinar Kalimantan",
        "destination_port":"Makassar",
        "coal_tonnage":22461,
        "etd":"2026-03-08",
        "eta":"2026-03-09",
        "status":"On Schedule"
    },
    {
        "shipment_id":"SHP0160",
        "mine_id":"MINE_3",
        "week_start":"2025-03-16",
        "vessel_name":"MV Nusantara 01",
        "destination_port":"Banjarmasin",
        "coal_tonnage":27821,
        "etd":"2026-03-09",
        "eta":"2026-03-10",
        "status":"On Schedule"
    },
    {
        "shipment_id":"SHP0161",
        "mine_id":"MINE_3",
        "week_start":"2025-03-23",
        "vessel_name":"MV Sinar Kalimantan",
        "destination_port":"Samarinda",
        "coal_tonnage":34870,
        "etd":"2026-03-10",
        "eta":"2026-03-11",
        "status":"On Schedule"
    },
    {
        "shipment_id":"SHP0162",
        "mine_id":"MINE_2",
        "week_start":"2025-08-10",
        "vessel_name":"MV Nusantara 01",
        "destination_port":"Surabaya",
        "coal_tonnage":28410,
        "etd":"2026-03-11",
        "eta":"2026-03-12",
        "status":"On Schedule"
    },
    {
        "shipment_id":"SHP0163",
        "mine_id":"MINE_2",
        "week_start":"2025-07-06",
        "vessel_name":"MV Sinar Kalimantan",
        "destination_port":"Banjarmasin",
        "coal_tonnage":37185,
        "etd":"2026-03-12",
        "eta":"2026-03-13",
        "status":"On Schedule"
    },
    {
        "shipment_id":"SHP0164",
        "mine_id":"MINE_4",
        "week_start":"2025-07-06",
        "vessel_name":"MV Merah Putih",
        "destination_port":"Banjarmasin",
        "coal_tonnage":34133,
        "etd":"2026-03-13",
        "eta":"2026-03-14",
        "status":"Pending"
    },
    {
        "shipment_id":"SHP0165",
        "mine_id":"MINE_4",
        "week_start":"2025-10-05",
        "vessel_name":"MV Merah Putih",
        "destination_port":"Samarinda",
        "coal_tonnage":39169,
        "etd":"2026-03-14",
        "eta":"2026-03-15",
        "status":"Pending"
    },
    {
        "shipment_id":"SHP0166",
        "mine_id":"MINE_1",
        "week_start":"2025-07-20",
        "vessel_name":"MV Sinar Kalimantan",
        "destination_port":"Surabaya",
        "coal_tonnage":38359,
        "etd":"2026-03-15",
        "eta":"2026-03-16",
        "status":"Delayed"
    },
    {
        "shipment_id":"SHP0167",
        "mine_id":"MINE_4",
        "week_start":"2025-03-02",
        "vessel_name":"MV Nusantara 01",
        "destination_port":"Samarinda",
        "coal_tonnage":16405,
        "etd":"2026-03-16",
        "eta":"2026-03-17",
        "status":"Pending"
    },
    {
        "shipment_id":"SHP0168",
        "mine_id":"MINE_2",
        "week_start":"2025-01-19",
        "vessel_name":"MV Nusantara 01",
        "destination_port":"Samarinda",
        "coal_tonnage":26179,
        "etd":"2026-03-17",
        "eta":"2026-03-18",
        "status":"On Schedule"
    },
    {
        "shipment_id":"SHP0169",
        "mine_id":"MINE_3",
        "week_start":"2025-09-28",
        "vessel_name":"MV Merah Putih",
        "destination_port":"Makassar",
        "coal_tonnage":18575,
        "etd":"2026-03-18",
        "eta":"2026-03-19",
        "status":"Pending"
    },
    {
        "shipment_id":"SHP0170",
        "mine_id":"MINE_1",
        "week_start":"2025-07-20",
        "vessel_name":"MV Nusantara 01",
        "destination_port":"Makassar",
        "coal_tonnage":17727,
        "etd":"2026-03-19",
        "eta":"2026-03-20",
        "status":"Pending"
    },
    {
        "shipment_id":"SHP0171",
        "mine_id":"MINE_4",
        "week_start":"2025-05-25",
        "vessel_name":"MV Sinar Kalimantan",
        "destination_port":"Samarinda",
        "coal_tonnage":21487,
        "etd":"2026-03-20",
        "eta":"2026-03-21",
        "status":"Pending"
    },
    {
        "shipment_id":"SHP0172",
        "mine_id":"MINE_3",
        "week_start":"2025-08-31",
        "vessel_name":"MV Sinar Kalimantan",
        "destination_port":"Makassar",
        "coal_tonnage":29760,
        "etd":"2026-03-21",
        "eta":"2026-03-22",
        "status":"Delayed"
    },
    {
        "shipment_id":"SHP0173",
        "mine_id":"MINE_2",
        "week_start":"2025-03-09",
        "vessel_name":"MV Nusantara 01",
        "destination_port":"Surabaya",
        "coal_tonnage":21291,
        "etd":"2026-03-22",
        "eta":"2026-03-23",
        "status":"Delayed"
    },
    {
        "shipment_id":"SHP0174",
        "mine_id":"MINE_5",
        "week_start":"2025-06-08",
        "vessel_name":"MV Merah Putih",
        "destination_port":"Makassar",
        "coal_tonnage":17501,
        "etd":"2026-03-23",
        "eta":"2026-03-24",
        "status":"Pending"
    },
    {
        "shipment_id":"SHP0175",
        "mine_id":"MINE_1",
        "week_start":"2025-09-28",
        "vessel_name":"MV Merah Putih",
        "destination_port":"Banjarmasin",
        "coal_tonnage":32321,
        "etd":"2026-03-24",
        "eta":"2026-03-25",
        "status":"Pending"
    },
    {
        "shipment_id":"SHP0176",
        "mine_id":"MINE_3",
        "week_start":"2025-06-22",
        "vessel_name":"MV Merah Putih",
        "destination_port":"Samarinda",
        "coal_tonnage":25272,
        "etd":"2026-03-25",
        "eta":"2026-03-26",
        "status":"On Schedule"
    },
    {
        "shipment_id":"SHP0177",
        "mine_id":"MINE_2",
        "week_start":"2025-06-15",
        "vessel_name":"MV Merah Putih",
        "destination_port":"Samarinda",
        "coal_tonnage":16755,
        "etd":"2026-03-26",
        "eta":"2026-03-27",
        "status":"Delayed"
    },
    {
        "shipment_id":"SHP0178",
        "mine_id":"MINE_2",
        "week_start":"2025-05-18",
        "vessel_name":"MV Merah Putih",
        "destination_port":"Surabaya",
        "coal_tonnage":18390,
        "etd":"2026-03-27",
        "eta":"2026-03-28",
        "status":"On Schedule"
    },
    {
        "shipment_id":"SHP0179",
        "mine_id":"MINE_1",
        "week_start":"2025-04-13",
        "vessel_name":"MV Sinar Kalimantan",
        "destination_port":"Samarinda",
        "coal_tonnage":20816,
        "etd":"2026-03-28",
        "eta":"2026-03-29",
        "status":"On Schedule"
    },
    {
        "shipment_id":"SHP0180",
        "mine_id":"MINE_1",
        "week_start":"2025-05-25",
        "vessel_name":"MV Nusantara 01",
        "destination_port":"Makassar",
        "coal_tonnage":32600,
        "etd":"2026-03-29",
        "eta":"2026-03-30",
        "status":"Pending"
    },
    {
        "shipment_id":"SHP0181",
        "mine_id":"MINE_4",
        "week_start":"2025-03-23",
        "vessel_name":"MV Sinar Kalimantan",
        "destination_port":"Banjarmasin",
        "coal_tonnage":32587,
        "etd":"2026-03-30",
        "eta":"2026-03-31",
        "status":"Pending"
    },
    {
        "shipment_id":"SHP0182",
        "mine_id":"MINE_4",
        "week_start":"2025-05-04",
        "vessel_name":"MV Merah Putih",
        "destination_port":"Samarinda",
        "coal_tonnage":16890,
        "etd":"2026-03-31",
        "eta":"2026-04-01",
        "status":"Pending"
    },
    {
        "shipment_id":"SHP0183",
        "mine_id":"MINE_1",
        "week_start":"2025-06-08",
        "vessel_name":"MV Merah Putih",
        "destination_port":"Makassar",
        "coal_tonnage":26223,
        "etd":"2026-04-01",
        "eta":"2026-04-02",
        "status":"On Schedule"
    },
    {
        "shipment_id":"SHP0184",
        "mine_id":"MINE_1",
        "week_start":"2025-07-20",
        "vessel_name":"MV Nusantara 01",
        "destination_port":"Banjarmasin",
        "coal_tonnage":28829,
        "etd":"2026-04-02",
        "eta":"2026-04-03",
        "status":"On Schedule"
    },
    {
        "shipment_id":"SHP0185",
        "mine_id":"MINE_3",
        "week_start":"2025-09-07",
        "vessel_name":"MV Nusantara 01",
        "destination_port":"Samarinda",
        "coal_tonnage":39966,
        "etd":"2026-04-03",
        "eta":"2026-04-04",
        "status":"On Schedule"
    },
    {
        "shipment_id":"SHP0186",
        "mine_id":"MINE_4",
        "week_start":"2025-02-02",
        "vessel_name":"MV Nusantara 01",
        "destination_port":"Samarinda",
        "coal_tonnage":22688,
        "etd":"2026-04-04",
        "eta":"2026-04-05",
        "status":"Pending"
    },
    {
        "shipment_id":"SHP0187",
        "mine_id":"MINE_2",
        "week_start":"2025-09-28",
        "vessel_name":"MV Sinar Kalimantan",
        "destination_port":"Samarinda",
        "coal_tonnage":21500,
        "etd":"2026-04-05",
        "eta":"2026-04-06",
        "status":"Pending"
    },
    {
        "shipment_id":"SHP0188",
        "mine_id":"MINE_4",
        "week_start":"2025-06-29",
        "vessel_name":"MV Nusantara 01",
        "destination_port":"Banjarmasin",
        "coal_tonnage":21716,
        "etd":"2026-04-06",
        "eta":"2026-04-07",
        "status":"Pending"
    },
    {
        "shipment_id":"SHP0189",
        "mine_id":"MINE_4",
        "week_start":"2025-09-28",
        "vessel_name":"MV Sinar Kalimantan",
        "destination_port":"Samarinda",
        "coal_tonnage":18746,
        "etd":"2026-04-07",
        "eta":"2026-04-08",
        "status":"On Schedule"
    },
    {
        "shipment_id":"SHP0190",
        "mine_id":"MINE_1",
        "week_start":"2025-03-16",
        "vessel_name":"MV Merah Putih",
        "destination_port":"Samarinda",
        "coal_tonnage":39674,
        "etd":"2026-04-08",
        "eta":"2026-04-09",
        "status":"On Schedule"
    },
    {
        "shipment_id":"SHP0191",
        "mine_id":"MINE_1",
        "week_start":"2025-03-16",
        "vessel_name":"MV Sinar Kalimantan",
        "destination_port":"Makassar",
        "coal_tonnage":33579,
        "etd":"2026-04-09",
        "eta":"2026-04-10",
        "status":"Delayed"
    },
    {
        "shipment_id":"SHP0192",
        "mine_id":"MINE_4",
        "week_start":"2025-05-04",
        "vessel_name":"MV Nusantara 01",
        "destination_port":"Makassar",
        "coal_tonnage":36049,
        "etd":"2026-04-10",
        "eta":"2026-04-11",
        "status":"Pending"
    },
    {
        "shipment_id":"SHP0193",
        "mine_id":"MINE_5",
        "week_start":"2025-03-23",
        "vessel_name":"MV Sinar Kalimantan",
        "destination_port":"Makassar",
        "coal_tonnage":28014,
        "etd":"2026-04-11",
        "eta":"2026-04-12",
        "status":"On Schedule"
    },
    {
        "shipment_id":"SHP0194",
        "mine_id":"MINE_5",
        "week_start":"2025-04-20",
        "vessel_name":"MV Sinar Kalimantan",
        "destination_port":"Makassar",
        "coal_tonnage":30675,
        "etd":"2026-04-12",
        "eta":"2026-04-13",
        "status":"Delayed"
    },
    {
        "shipment_id":"SHP0195",
        "mine_id":"MINE_4",
        "week_start":"2025-07-06",
        "vessel_name":"MV Sinar Kalimantan",
        "destination_port":"Samarinda",
        "coal_tonnage":24193,
        "etd":"2026-04-13",
        "eta":"2026-04-14",
        "status":"On Schedule"
    },
    {
        "shipment_id":"SHP0196",
        "mine_id":"MINE_5",
        "week_start":"2025-09-07",
        "vessel_name":"MV Nusantara 01",
        "destination_port":"Banjarmasin",
        "coal_tonnage":38733,
        "etd":"2026-04-14",
        "eta":"2026-04-15",
        "status":"On Schedule"
    },
    {
        "shipment_id":"SHP0197",
        "mine_id":"MINE_4",
        "week_start":"2025-04-27",
        "vessel_name":"MV Sinar Kalimantan",
        "destination_port":"Samarinda",
        "coal_tonnage":35782,
        "etd":"2026-04-15",
        "eta":"2026-04-16",
        "status":"Pending"
    },
    {
        "shipment_id":"SHP0198",
        "mine_id":"MINE_1",
        "week_start":"2025-05-25",
        "vessel_name":"MV Nusantara 01",
        "destination_port":"Surabaya",
        "coal_tonnage":18629,
        "etd":"2026-04-16",
        "eta":"2026-04-17",
        "status":"Delayed"
    },
    {
        "shipment_id":"SHP0199",
        "mine_id":"MINE_1",
        "week_start":"2025-09-14",
        "vessel_name":"MV Sinar Kalimantan",
        "destination_port":"Banjarmasin",
        "coal_tonnage":22766,
        "etd":"2026-04-17",
        "eta":"2026-04-18",
        "status":"On Schedule"
    },
    {
        "shipment_id":"SHP0200",
        "mine_id":"MINE_1",
        "week_start":"2025-08-03",
        "vessel_name":"MV Sinar Kalimantan",
        "destination_port":"Surabaya",
        "coal_tonnage":21147,
        "etd":"2026-04-18",
        "eta":"2026-04-19",
        "status":"Delayed"
    },
    {
        "shipment_id":"SHP0201",
        "mine_id":"MINE_2",
        "week_start":"2025-08-31",
        "vessel_name":"MV Sinar Kalimantan",
        "destination_port":"Samarinda",
        "coal_tonnage":30113,
        "etd":"2026-04-19",
        "eta":"2026-04-20",
        "status":"Delayed"
    },
    {
        "shipment_id":"SHP0202",
        "mine_id":"MINE_1",
        "week_start":"2025-07-06",
        "vessel_name":"MV Nusantara 01",
        "destination_port":"Banjarmasin",
        "coal_tonnage":29442,
        "etd":"2026-04-20",
        "eta":"2026-04-21",
        "status":"Pending"
    },
    {
        "shipment_id":"SHP0203",
        "mine_id":"MINE_1",
        "week_start":"2025-06-08",
        "vessel_name":"MV Nusantara 01",
        "destination_port":"Banjarmasin",
        "coal_tonnage":29410,
        "etd":"2026-04-21",
        "eta":"2026-04-22",
        "status":"Delayed"
    },
    {
        "shipment_id":"SHP0204",
        "mine_id":"MINE_4",
        "week_start":"2025-08-10",
        "vessel_name":"MV Nusantara 01",
        "destination_port":"Makassar",
        "coal_tonnage":16063,
        "etd":"2026-04-22",
        "eta":"2026-04-23",
        "status":"Pending"
    },
    {
        "shipment_id":"SHP0205",
        "mine_id":"MINE_5",
        "week_start":"2025-04-27",
        "vessel_name":"MV Merah Putih",
        "destination_port":"Samarinda",
        "coal_tonnage":23830,
        "etd":"2026-04-23",
        "eta":"2026-04-24",
        "status":"Pending"
    },
    {
        "shipment_id":"SHP0206",
        "mine_id":"MINE_5",
        "week_start":"2025-03-16",
        "vessel_name":"MV Nusantara 01",
        "destination_port":"Surabaya",
        "coal_tonnage":25934,
        "etd":"2026-04-24",
        "eta":"2026-04-25",
        "status":"Pending"
    },
    {
        "shipment_id":"SHP0207",
        "mine_id":"MINE_1",
        "week_start":"2025-01-05",
        "vessel_name":"MV Sinar Kalimantan",
        "destination_port":"Banjarmasin",
        "coal_tonnage":24334,
        "etd":"2026-04-25",
        "eta":"2026-04-26",
        "status":"Delayed"
    },
    {
        "shipment_id":"SHP0208",
        "mine_id":"MINE_1",
        "week_start":"2025-07-13",
        "vessel_name":"MV Merah Putih",
        "destination_port":"Banjarmasin",
        "coal_tonnage":25312,
        "etd":"2026-04-26",
        "eta":"2026-04-27",
        "status":"On Schedule"
    },
    {
        "shipment_id":"SHP0209",
        "mine_id":"MINE_1",
        "week_start":"2025-05-04",
        "vessel_name":"MV Nusantara 01",
        "destination_port":"Makassar",
        "coal_tonnage":18275,
        "etd":"2026-04-27",
        "eta":"2026-04-28",
        "status":"Pending"
    },
    {
        "shipment_id":"SHP0210",
        "mine_id":"MINE_4",
        "week_start":"2025-05-18",
        "vessel_name":"MV Nusantara 01",
        "destination_port":"Banjarmasin",
        "coal_tonnage":15976,
        "etd":"2026-04-28",
        "eta":"2026-04-29",
        "status":"On Schedule"
    },
    {
        "shipment_id":"SHP0211",
        "mine_id":"MINE_4",
        "week_start":"2025-02-16",
        "vessel_name":"MV Merah Putih",
        "destination_port":"Makassar",
        "coal_tonnage":27383,
        "etd":"2026-04-29",
        "eta":"2026-04-30",
        "status":"Delayed"
    },
    {
        "shipment_id":"SHP0212",
        "mine_id":"MINE_4",
        "week_start":"2025-09-14",
        "vessel_name":"MV Merah Putih",
        "destination_port":"Banjarmasin",
        "coal_tonnage":26406,
        "etd":"2026-04-30",
        "eta":"2026-05-01",
        "status":"On Schedule"
    },
    {
        "shipment_id":"SHP0213",
        "mine_id":"MINE_5",
        "week_start":"2025-04-20",
        "vessel_name":"MV Nusantara 01",
        "destination_port":"Banjarmasin",
        "coal_tonnage":26739,
        "etd":"2026-05-01",
        "eta":"2026-05-02",
        "status":"On Schedule"
    },
    {
        "shipment_id":"SHP0214",
        "mine_id":"MINE_2",
        "week_start":"2025-09-28",
        "vessel_name":"MV Merah Putih",
        "destination_port":"Samarinda",
        "coal_tonnage":19069,
        "etd":"2026-05-02",
        "eta":"2026-05-03",
        "status":"Pending"
    },
    {
        "shipment_id":"SHP0215",
        "mine_id":"MINE_5",
        "week_start":"2025-06-08",
        "vessel_name":"MV Sinar Kalimantan",
        "destination_port":"Banjarmasin",
        "coal_tonnage":30604,
        "etd":"2026-05-03",
        "eta":"2026-05-04",
        "status":"Pending"
    },
    {
        "shipment_id":"SHP0216",
        "mine_id":"MINE_4",
        "week_start":"2025-08-10",
        "vessel_name":"MV Sinar Kalimantan",
        "destination_port":"Makassar",
        "coal_tonnage":29612,
        "etd":"2026-05-04",
        "eta":"2026-05-05",
        "status":"Pending"
    },
    {
        "shipment_id":"SHP0217",
        "mine_id":"MINE_3",
        "week_start":"2025-04-27",
        "vessel_name":"MV Sinar Kalimantan",
        "destination_port":"Makassar",
        "coal_tonnage":31334,
        "etd":"2026-05-05",
        "eta":"2026-05-06",
        "status":"Delayed"
    },
    {
        "shipment_id":"SHP0218",
        "mine_id":"MINE_2",
        "week_start":"2025-05-11",
        "vessel_name":"MV Nusantara 01",
        "destination_port":"Makassar",
        "coal_tonnage":21402,
        "etd":"2026-05-06",
        "eta":"2026-05-07",
        "status":"On Schedule"
    },
    {
        "shipment_id":"SHP0219",
        "mine_id":"MINE_1",
        "week_start":"2025-08-24",
        "vessel_name":"MV Sinar Kalimantan",
        "destination_port":"Surabaya",
        "coal_tonnage":27333,
        "etd":"2026-05-07",
        "eta":"2026-05-08",
        "status":"Delayed"
    },
    {
        "shipment_id":"SHP0220",
        "mine_id":"MINE_5",
        "week_start":"2025-04-06",
        "vessel_name":"MV Merah Putih",
        "destination_port":"Banjarmasin",
        "coal_tonnage":15345,
        "etd":"2026-05-08",
        "eta":"2026-05-09",
        "status":"Delayed"
    },
    {
        "shipment_id":"SHP0221",
        "mine_id":"MINE_2",
        "week_start":"2025-01-19",
        "vessel_name":"MV Sinar Kalimantan",
        "destination_port":"Samarinda",
        "coal_tonnage":19942,
        "etd":"2026-05-09",
        "eta":"2026-05-10",
        "status":"Delayed"
    },
    {
        "shipment_id":"SHP0222",
        "mine_id":"MINE_3",
        "week_start":"2025-09-28",
        "vessel_name":"MV Merah Putih",
        "destination_port":"Samarinda",
        "coal_tonnage":34326,
        "etd":"2026-05-10",
        "eta":"2026-05-11",
        "status":"Delayed"
    },
    {
        "shipment_id":"SHP0223",
        "mine_id":"MINE_2",
        "week_start":"2025-06-22",
        "vessel_name":"MV Sinar Kalimantan",
        "destination_port":"Surabaya",
        "coal_tonnage":38788,
        "etd":"2026-05-11",
        "eta":"2026-05-12",
        "status":"Pending"
    },
    {
        "shipment_id":"SHP0224",
        "mine_id":"MINE_5",
        "week_start":"2025-03-16",
        "vessel_name":"MV Merah Putih",
        "destination_port":"Banjarmasin",
        "coal_tonnage":32460,
        "etd":"2026-05-12",
        "eta":"2026-05-13",
        "status":"On Schedule"
    },
    {
        "shipment_id":"SHP0225",
        "mine_id":"MINE_4",
        "week_start":"2025-04-13",
        "vessel_name":"MV Sinar Kalimantan",
        "destination_port":"Makassar",
        "coal_tonnage":24363,
        "etd":"2026-05-13",
        "eta":"2026-05-14",
        "status":"Pending"
    },
    {
        "shipment_id":"SHP0226",
        "mine_id":"MINE_1",
        "week_start":"2025-05-11",
        "vessel_name":"MV Sinar Kalimantan",
        "destination_port":"Surabaya",
        "coal_tonnage":18770,
        "etd":"2026-05-14",
        "eta":"2026-05-15",
        "status":"Pending"
    },
    {
        "shipment_id":"SHP0227",
        "mine_id":"MINE_4",
        "week_start":"2025-04-13",
        "vessel_name":"MV Sinar Kalimantan",
        "destination_port":"Surabaya",
        "coal_tonnage":37036,
        "etd":"2026-05-15",
        "eta":"2026-05-16",
        "status":"Delayed"
    },
    {
        "shipment_id":"SHP0228",
        "mine_id":"MINE_4",
        "week_start":"2025-04-13",
        "vessel_name":"MV Merah Putih",
        "destination_port":"Makassar",
        "coal_tonnage":26353,
        "etd":"2026-05-16",
        "eta":"2026-05-17",
        "status":"Pending"
    },
    {
        "shipment_id":"SHP0229",
        "mine_id":"MINE_5",
        "week_start":"2025-09-21",
        "vessel_name":"MV Merah Putih",
        "destination_port":"Surabaya",
        "coal_tonnage":23424,
        "etd":"2026-05-17",
        "eta":"2026-05-18",
        "status":"On Schedule"
    },
    {
        "shipment_id":"SHP0230",
        "mine_id":"MINE_4",
        "week_start":"2025-04-13",
        "vessel_name":"MV Sinar Kalimantan",
        "destination_port":"Surabaya",
        "coal_tonnage":26990,
        "etd":"2026-05-18",
        "eta":"2026-05-19",
        "status":"Delayed"
    },
    {
        "shipment_id":"SHP0231",
        "mine_id":"MINE_4",
        "week_start":"2025-03-02",
        "vessel_name":"MV Merah Putih",
        "destination_port":"Makassar",
        "coal_tonnage":23048,
        "etd":"2026-05-19",
        "eta":"2026-05-20",
        "status":"Pending"
    },
    {
        "shipment_id":"SHP0232",
        "mine_id":"MINE_5",
        "week_start":"2025-02-02",
        "vessel_name":"MV Merah Putih",
        "destination_port":"Banjarmasin",
        "coal_tonnage":27099,
        "etd":"2026-05-20",
        "eta":"2026-05-21",
        "status":"Delayed"
    },
    {
        "shipment_id":"SHP0233",
        "mine_id":"MINE_5",
        "week_start":"2025-05-11",
        "vessel_name":"MV Nusantara 01",
        "destination_port":"Samarinda",
        "coal_tonnage":26891,
        "etd":"2026-05-21",
        "eta":"2026-05-22",
        "status":"On Schedule"
    },
    {
        "shipment_id":"SHP0234",
        "mine_id":"MINE_3",
        "week_start":"2025-06-15",
        "vessel_name":"MV Sinar Kalimantan",
        "destination_port":"Samarinda",
        "coal_tonnage":30573,
        "etd":"2026-05-22",
        "eta":"2026-05-23",
        "status":"Delayed"
    },
    {
        "shipment_id":"SHP0235",
        "mine_id":"MINE_4",
        "week_start":"2025-07-20",
        "vessel_name":"MV Merah Putih",
        "destination_port":"Makassar",
        "coal_tonnage":31834,
        "etd":"2026-05-23",
        "eta":"2026-05-24",
        "status":"Pending"
    },
    {
        "shipment_id":"SHP0236",
        "mine_id":"MINE_2",
        "week_start":"2025-02-02",
        "vessel_name":"MV Merah Putih",
        "destination_port":"Makassar",
        "coal_tonnage":24554,
        "etd":"2026-05-24",
        "eta":"2026-05-25",
        "status":"Pending"
    },
    {
        "shipment_id":"SHP0237",
        "mine_id":"MINE_1",
        "week_start":"2025-06-01",
        "vessel_name":"MV Merah Putih",
        "destination_port":"Banjarmasin",
        "coal_tonnage":15350,
        "etd":"2026-05-25",
        "eta":"2026-05-26",
        "status":"On Schedule"
    },
    {
        "shipment_id":"SHP0238",
        "mine_id":"MINE_1",
        "week_start":"2025-03-30",
        "vessel_name":"MV Merah Putih",
        "destination_port":"Surabaya",
        "coal_tonnage":24500,
        "etd":"2026-05-26",
        "eta":"2026-05-27",
        "status":"On Schedule"
    },
    {
        "shipment_id":"SHP0239",
        "mine_id":"MINE_5",
        "week_start":"2025-07-20",
        "vessel_name":"MV Nusantara 01",
        "destination_port":"Banjarmasin",
        "coal_tonnage":19004,
        "etd":"2026-05-27",
        "eta":"2026-05-28",
        "status":"Delayed"
    },
    {
        "shipment_id":"SHP0240",
        "mine_id":"MINE_5",
        "week_start":"2025-04-20",
        "vessel_name":"MV Merah Putih",
        "destination_port":"Surabaya",
        "coal_tonnage":26117,
        "etd":"2026-05-28",
        "eta":"2026-05-29",
        "status":"Pending"
    },
    {
        "shipment_id":"SHP0241",
        "mine_id":"MINE_3",
        "week_start":"2025-09-07",
        "vessel_name":"MV Merah Putih",
        "destination_port":"Surabaya",
        "coal_tonnage":36062,
        "etd":"2026-05-29",
        "eta":"2026-05-30",
        "status":"On Schedule"
    },
    {
        "shipment_id":"SHP0242",
        "mine_id":"MINE_4",
        "week_start":"2025-04-27",
        "vessel_name":"MV Nusantara 01",
        "destination_port":"Banjarmasin",
        "coal_tonnage":31628,
        "etd":"2026-05-30",
        "eta":"2026-05-31",
        "status":"On Schedule"
    },
    {
        "shipment_id":"SHP0243",
        "mine_id":"MINE_5",
        "week_start":"2025-05-18",
        "vessel_name":"MV Sinar Kalimantan",
        "destination_port":"Makassar",
        "coal_tonnage":36029,
        "etd":"2026-05-31",
        "eta":"2026-06-01",
        "status":"Pending"
    },
    {
        "shipment_id":"SHP0244",
        "mine_id":"MINE_5",
        "week_start":"2025-04-06",
        "vessel_name":"MV Sinar Kalimantan",
        "destination_port":"Makassar",
        "coal_tonnage":28015,
        "etd":"2026-06-01",
        "eta":"2026-06-02",
        "status":"On Schedule"
    },
    {
        "shipment_id":"SHP0245",
        "mine_id":"MINE_1",
        "week_start":"2025-02-09",
        "vessel_name":"MV Nusantara 01",
        "destination_port":"Banjarmasin",
        "coal_tonnage":19734,
        "etd":"2026-06-02",
        "eta":"2026-06-03",
        "status":"On Schedule"
    },
    {
        "shipment_id":"SHP0246",
        "mine_id":"MINE_4",
        "week_start":"2025-06-01",
        "vessel_name":"MV Sinar Kalimantan",
        "destination_port":"Surabaya",
        "coal_tonnage":27871,
        "etd":"2026-06-03",
        "eta":"2026-06-04",
        "status":"Pending"
    },
    {
        "shipment_id":"SHP0247",
        "mine_id":"MINE_3",
        "week_start":"2025-10-05",
        "vessel_name":"MV Sinar Kalimantan",
        "destination_port":"Surabaya",
        "coal_tonnage":30162,
        "etd":"2026-06-04",
        "eta":"2026-06-05",
        "status":"On Schedule"
    },
    {
        "shipment_id":"SHP0248",
        "mine_id":"MINE_5",
        "week_start":"2025-03-02",
        "vessel_name":"MV Nusantara 01",
        "destination_port":"Surabaya",
        "coal_tonnage":31824,
        "etd":"2026-06-05",
        "eta":"2026-06-06",
        "status":"Pending"
    },
    {
        "shipment_id":"SHP0249",
        "mine_id":"MINE_5",
        "week_start":"2025-08-10",
        "vessel_name":"MV Merah Putih",
        "destination_port":"Surabaya",
        "coal_tonnage":26737,
        "etd":"2026-06-06",
        "eta":"2026-06-07",
        "status":"Pending"
    },
    {
        "shipment_id":"SHP0250",
        "mine_id":"MINE_5",
        "week_start":"2025-06-15",
        "vessel_name":"MV Nusantara 01",
        "destination_port":"Banjarmasin",
        "coal_tonnage":24659,
        "etd":"2026-06-07",
        "eta":"2026-06-08",
        "status":"Delayed"
    },
    {
        "shipment_id":"SHP0251",
        "mine_id":"MINE_1",
        "week_start":"2025-08-17",
        "vessel_name":"MV Nusantara 01",
        "destination_port":"Samarinda",
        "coal_tonnage":37299,
        "etd":"2026-06-08",
        "eta":"2026-06-09",
        "status":"Pending"
    },
    {
        "shipment_id":"SHP0252",
        "mine_id":"MINE_5",
        "week_start":"2025-03-30",
        "vessel_name":"MV Nusantara 01",
        "destination_port":"Makassar",
        "coal_tonnage":31795,
        "etd":"2026-06-09",
        "eta":"2026-06-10",
        "status":"On Schedule"
    },
    {
        "shipment_id":"SHP0253",
        "mine_id":"MINE_5",
        "week_start":"2025-08-31",
        "vessel_name":"MV Nusantara 01",
        "destination_port":"Makassar",
        "coal_tonnage":15813,
        "etd":"2026-06-10",
        "eta":"2026-06-11",
        "status":"Delayed"
    },
    {
        "shipment_id":"SHP0254",
        "mine_id":"MINE_1",
        "week_start":"2025-02-09",
        "vessel_name":"MV Nusantara 01",
        "destination_port":"Samarinda",
        "coal_tonnage":36062,
        "etd":"2026-06-11",
        "eta":"2026-06-12",
        "status":"Delayed"
    },
    {
        "shipment_id":"SHP0255",
        "mine_id":"MINE_5",
        "week_start":"2025-10-05",
        "vessel_name":"MV Merah Putih",
        "destination_port":"Surabaya",
        "coal_tonnage":33114,
        "etd":"2026-06-12",
        "eta":"2026-06-13",
        "status":"On Schedule"
    },
    {
        "shipment_id":"SHP0256",
        "mine_id":"MINE_4",
        "week_start":"2025-07-27",
        "vessel_name":"MV Sinar Kalimantan",
        "destination_port":"Samarinda",
        "coal_tonnage":21643,
        "etd":"2026-06-13",
        "eta":"2026-06-14",
        "status":"Delayed"
    },
    {
        "shipment_id":"SHP0257",
        "mine_id":"MINE_4",
        "week_start":"2025-09-21",
        "vessel_name":"MV Nusantara 01",
        "destination_port":"Samarinda",
        "coal_tonnage":28269,
        "etd":"2026-06-14",
        "eta":"2026-06-15",
        "status":"On Schedule"
    },
    {
        "shipment_id":"SHP0258",
        "mine_id":"MINE_1",
        "week_start":"2025-04-20",
        "vessel_name":"MV Merah Putih",
        "destination_port":"Samarinda",
        "coal_tonnage":33358,
        "etd":"2026-06-15",
        "eta":"2026-06-16",
        "status":"Delayed"
    },
    {
        "shipment_id":"SHP0259",
        "mine_id":"MINE_4",
        "week_start":"2025-01-05",
        "vessel_name":"MV Nusantara 01",
        "destination_port":"Makassar",
        "coal_tonnage":15549,
        "etd":"2026-06-16",
        "eta":"2026-06-17",
        "status":"On Schedule"
    },
    {
        "shipment_id":"SHP0260",
        "mine_id":"MINE_3",
        "week_start":"2025-05-04",
        "vessel_name":"MV Merah Putih",
        "destination_port":"Makassar",
        "coal_tonnage":29452,
        "etd":"2026-06-17",
        "eta":"2026-06-18",
        "status":"Pending"
    },
    {
        "shipment_id":"SHP0261",
        "mine_id":"MINE_5",
        "week_start":"2025-06-01",
        "vessel_name":"MV Sinar Kalimantan",
        "destination_port":"Samarinda",
        "coal_tonnage":33321,
        "etd":"2026-06-18",
        "eta":"2026-06-19",
        "status":"Pending"
    },
    {
        "shipment_id":"SHP0262",
        "mine_id":"MINE_3",
        "week_start":"2025-06-29",
        "vessel_name":"MV Merah Putih",
        "destination_port":"Samarinda",
        "coal_tonnage":15203,
        "etd":"2026-06-19",
        "eta":"2026-06-20",
        "status":"Delayed"
    },
    {
        "shipment_id":"SHP0263",
        "mine_id":"MINE_4",
        "week_start":"2025-04-06",
        "vessel_name":"MV Merah Putih",
        "destination_port":"Samarinda",
        "coal_tonnage":30718,
        "etd":"2026-06-20",
        "eta":"2026-06-21",
        "status":"Delayed"
    },
    {
        "shipment_id":"SHP0264",
        "mine_id":"MINE_1",
        "week_start":"2025-09-14",
        "vessel_name":"MV Sinar Kalimantan",
        "destination_port":"Surabaya",
        "coal_tonnage":18588,
        "etd":"2026-06-21",
        "eta":"2026-06-22",
        "status":"Pending"
    },
    {
        "shipment_id":"SHP0265",
        "mine_id":"MINE_1",
        "week_start":"2025-04-06",
        "vessel_name":"MV Sinar Kalimantan",
        "destination_port":"Surabaya",
        "coal_tonnage":38467,
        "etd":"2026-06-22",
        "eta":"2026-06-23",
        "status":"On Schedule"
    },
    {
        "shipment_id":"SHP0266",
        "mine_id":"MINE_3",
        "week_start":"2025-06-29",
        "vessel_name":"MV Merah Putih",
        "destination_port":"Surabaya",
        "coal_tonnage":17536,
        "etd":"2026-06-23",
        "eta":"2026-06-24",
        "status":"Delayed"
    },
    {
        "shipment_id":"SHP0267",
        "mine_id":"MINE_4",
        "week_start":"2025-09-07",
        "vessel_name":"MV Nusantara 01",
        "destination_port":"Makassar",
        "coal_tonnage":37172,
        "etd":"2026-06-24",
        "eta":"2026-06-25",
        "status":"Pending"
    },
    {
        "shipment_id":"SHP0268",
        "mine_id":"MINE_5",
        "week_start":"2025-06-08",
        "vessel_name":"MV Nusantara 01",
        "destination_port":"Banjarmasin",
        "coal_tonnage":23298,
        "etd":"2026-06-25",
        "eta":"2026-06-26",
        "status":"Delayed"
    },
    {
        "shipment_id":"SHP0269",
        "mine_id":"MINE_4",
        "week_start":"2025-01-12",
        "vessel_name":"MV Sinar Kalimantan",
        "destination_port":"Samarinda",
        "coal_tonnage":35195,
        "etd":"2026-06-26",
        "eta":"2026-06-27",
        "status":"Pending"
    },
    {
        "shipment_id":"SHP0270",
        "mine_id":"MINE_4",
        "week_start":"2025-09-28",
        "vessel_name":"MV Nusantara 01",
        "destination_port":"Samarinda",
        "coal_tonnage":17701,
        "etd":"2026-06-27",
        "eta":"2026-06-28",
        "status":"Pending"
    },
    {
        "shipment_id":"SHP0271",
        "mine_id":"MINE_1",
        "week_start":"2025-02-16",
        "vessel_name":"MV Sinar Kalimantan",
        "destination_port":"Banjarmasin",
        "coal_tonnage":27089,
        "etd":"2026-06-28",
        "eta":"2026-06-29",
        "status":"Pending"
    },
    {
        "shipment_id":"SHP0272",
        "mine_id":"MINE_2",
        "week_start":"2025-09-28",
        "vessel_name":"MV Merah Putih",
        "destination_port":"Samarinda",
        "coal_tonnage":25411,
        "etd":"2026-06-29",
        "eta":"2026-06-30",
        "status":"On Schedule"
    },
    {
        "shipment_id":"SHP0273",
        "mine_id":"MINE_5",
        "week_start":"2025-06-01",
        "vessel_name":"MV Merah Putih",
        "destination_port":"Surabaya",
        "coal_tonnage":22825,
        "etd":"2026-06-30",
        "eta":"2026-07-01",
        "status":"Delayed"
    },
    {
        "shipment_id":"SHP0274",
        "mine_id":"MINE_5",
        "week_start":"2025-07-13",
        "vessel_name":"MV Nusantara 01",
        "destination_port":"Surabaya",
        "coal_tonnage":20974,
        "etd":"2026-07-01",
        "eta":"2026-07-02",
        "status":"On Schedule"
    },
    {
        "shipment_id":"SHP0275",
        "mine_id":"MINE_1",
        "week_start":"2025-09-21",
        "vessel_name":"MV Sinar Kalimantan",
        "destination_port":"Banjarmasin",
        "coal_tonnage":35320,
        "etd":"2026-07-02",
        "eta":"2026-07-03",
        "status":"On Schedule"
    },
    {
        "shipment_id":"SHP0276",
        "mine_id":"MINE_4",
        "week_start":"2025-05-18",
        "vessel_name":"MV Nusantara 01",
        "destination_port":"Surabaya",
        "coal_tonnage":19090,
        "etd":"2026-07-03",
        "eta":"2026-07-04",
        "status":"Pending"
    },
    {
        "shipment_id":"SHP0277",
        "mine_id":"MINE_1",
        "week_start":"2025-05-04",
        "vessel_name":"MV Nusantara 01",
        "destination_port":"Banjarmasin",
        "coal_tonnage":38340,
        "etd":"2026-07-04",
        "eta":"2026-07-05",
        "status":"On Schedule"
    },
    {
        "shipment_id":"SHP0278",
        "mine_id":"MINE_4",
        "week_start":"2025-06-15",
        "vessel_name":"MV Merah Putih",
        "destination_port":"Surabaya",
        "coal_tonnage":25559,
        "etd":"2026-07-05",
        "eta":"2026-07-06",
        "status":"Delayed"
    },
    {
        "shipment_id":"SHP0279",
        "mine_id":"MINE_2",
        "week_start":"2025-08-17",
        "vessel_name":"MV Nusantara 01",
        "destination_port":"Samarinda",
        "coal_tonnage":24252,
        "etd":"2026-07-06",
        "eta":"2026-07-07",
        "status":"Delayed"
    },
    {
        "shipment_id":"SHP0280",
        "mine_id":"MINE_2",
        "week_start":"2025-06-29",
        "vessel_name":"MV Merah Putih",
        "destination_port":"Makassar",
        "coal_tonnage":17546,
        "etd":"2026-07-07",
        "eta":"2026-07-08",
        "status":"Pending"
    },
    {
        "shipment_id":"SHP0281",
        "mine_id":"MINE_3",
        "week_start":"2025-05-11",
        "vessel_name":"MV Sinar Kalimantan",
        "destination_port":"Surabaya",
        "coal_tonnage":18736,
        "etd":"2026-07-08",
        "eta":"2026-07-09",
        "status":"Pending"
    },
    {
        "shipment_id":"SHP0282",
        "mine_id":"MINE_4",
        "week_start":"2025-03-30",
        "vessel_name":"MV Nusantara 01",
        "destination_port":"Banjarmasin",
        "coal_tonnage":29600,
        "etd":"2026-07-09",
        "eta":"2026-07-10",
        "status":"Delayed"
    },
    {
        "shipment_id":"SHP0283",
        "mine_id":"MINE_1",
        "week_start":"2025-03-09",
        "vessel_name":"MV Merah Putih",
        "destination_port":"Makassar",
        "coal_tonnage":16672,
        "etd":"2026-07-10",
        "eta":"2026-07-11",
        "status":"Delayed"
    },
    {
        "shipment_id":"SHP0284",
        "mine_id":"MINE_1",
        "week_start":"2025-04-06",
        "vessel_name":"MV Nusantara 01",
        "destination_port":"Samarinda",
        "coal_tonnage":15401,
        "etd":"2026-07-11",
        "eta":"2026-07-12",
        "status":"Pending"
    },
    {
        "shipment_id":"SHP0285",
        "mine_id":"MINE_1",
        "week_start":"2025-03-02",
        "vessel_name":"MV Sinar Kalimantan",
        "destination_port":"Makassar",
        "coal_tonnage":30322,
        "etd":"2026-07-12",
        "eta":"2026-07-13",
        "status":"On Schedule"
    },
    {
        "shipment_id":"SHP0286",
        "mine_id":"MINE_3",
        "week_start":"2025-03-16",
        "vessel_name":"MV Nusantara 01",
        "destination_port":"Banjarmasin",
        "coal_tonnage":26191,
        "etd":"2026-07-13",
        "eta":"2026-07-14",
        "status":"Delayed"
    },
    {
        "shipment_id":"SHP0287",
        "mine_id":"MINE_5",
        "week_start":"2025-01-19",
        "vessel_name":"MV Nusantara 01",
        "destination_port":"Samarinda",
        "coal_tonnage":19313,
        "etd":"2026-07-14",
        "eta":"2026-07-15",
        "status":"Pending"
    },
    {
        "shipment_id":"SHP0288",
        "mine_id":"MINE_1",
        "week_start":"2025-10-05",
        "vessel_name":"MV Merah Putih",
        "destination_port":"Samarinda",
        "coal_tonnage":29665,
        "etd":"2026-07-15",
        "eta":"2026-07-16",
        "status":"Pending"
    },
    {
        "shipment_id":"SHP0289",
        "mine_id":"MINE_2",
        "week_start":"2025-03-23",
        "vessel_name":"MV Sinar Kalimantan",
        "destination_port":"Surabaya",
        "coal_tonnage":26644,
        "etd":"2026-07-16",
        "eta":"2026-07-17",
        "status":"Delayed"
    },
    {
        "shipment_id":"SHP0290",
        "mine_id":"MINE_1",
        "week_start":"2025-08-31",
        "vessel_name":"MV Sinar Kalimantan",
        "destination_port":"Makassar",
        "coal_tonnage":37736,
        "etd":"2026-07-17",
        "eta":"2026-07-18",
        "status":"Pending"
    },
    {
        "shipment_id":"SHP0291",
        "mine_id":"MINE_1",
        "week_start":"2025-09-28",
        "vessel_name":"MV Sinar Kalimantan",
        "destination_port":"Surabaya",
        "coal_tonnage":26826,
        "etd":"2026-07-18",
        "eta":"2026-07-19",
        "status":"Delayed"
    },
    {
        "shipment_id":"SHP0292",
        "mine_id":"MINE_1",
        "week_start":"2025-09-28",
        "vessel_name":"MV Nusantara 01",
        "destination_port":"Samarinda",
        "coal_tonnage":39863,
        "etd":"2026-07-19",
        "eta":"2026-07-20",
        "status":"Pending"
    },
    {
        "shipment_id":"SHP0293",
        "mine_id":"MINE_5",
        "week_start":"2025-08-10",
        "vessel_name":"MV Merah Putih",
        "destination_port":"Surabaya",
        "coal_tonnage":31471,
        "etd":"2026-07-20",
        "eta":"2026-07-21",
        "status":"Pending"
    },
    {
        "shipment_id":"SHP0294",
        "mine_id":"MINE_1",
        "week_start":"2025-09-28",
        "vessel_name":"MV Nusantara 01",
        "destination_port":"Surabaya",
        "coal_tonnage":38530,
        "etd":"2026-07-21",
        "eta":"2026-07-22",
        "status":"On Schedule"
    },
    {
        "shipment_id":"SHP0295",
        "mine_id":"MINE_5",
        "week_start":"2025-04-06",
        "vessel_name":"MV Nusantara 01",
        "destination_port":"Banjarmasin",
        "coal_tonnage":31303,
        "etd":"2026-07-22",
        "eta":"2026-07-23",
        "status":"Pending"
    },
    {
        "shipment_id":"SHP0296",
        "mine_id":"MINE_5",
        "week_start":"2025-01-05",
        "vessel_name":"MV Nusantara 01",
        "destination_port":"Surabaya",
        "coal_tonnage":21279,
        "etd":"2026-07-23",
        "eta":"2026-07-24",
        "status":"Delayed"
    },
    {
        "shipment_id":"SHP0297",
        "mine_id":"MINE_3",
        "week_start":"2025-07-06",
        "vessel_name":"MV Sinar Kalimantan",
        "destination_port":"Samarinda",
        "coal_tonnage":33589,
        "etd":"2026-07-24",
        "eta":"2026-07-25",
        "status":"Delayed"
    },
    {
        "shipment_id":"SHP0298",
        "mine_id":"MINE_2",
        "week_start":"2025-09-14",
        "vessel_name":"MV Merah Putih",
        "destination_port":"Surabaya",
        "coal_tonnage":17967,
        "etd":"2026-07-25",
        "eta":"2026-07-26",
        "status":"On Schedule"
    },
    {
        "shipment_id":"SHP0299",
        "mine_id":"MINE_1",
        "week_start":"2025-01-05",
        "vessel_name":"MV Sinar Kalimantan",
        "destination_port":"Samarinda",
        "coal_tonnage":19250,
        "etd":"2026-07-26",
        "eta":"2026-07-27",
        "status":"Delayed"
    },
    {
        "shipment_id":"SHP0300",
        "mine_id":"MINE_1",
        "week_start":"2025-07-20",
        "vessel_name":"MV Nusantara 01",
        "destination_port":"Samarinda",
        "coal_tonnage":34918,
        "etd":"2026-07-27",
        "eta":"2026-07-28",
        "status":"Pending"
    }
]